:040000006F206033DA
:1000040000000000000000002E1E0000321E000050
:100014000000000034230000000000000000000085
:10002400342300003423000000000000000000001E
:10003400342300000000000034230000000000000E
:100044003423000034230000342300003423000050
:100054003423000034230000342300003423000040
:100064003423000034230000342300003423000030
:100074003423000034230000342300003423000020
:100084003423000034230000342300003423000010
:100094003423000034230000342300003423000000
:1000A40034230000661E00003423000034230000C3
:1000B400481E0000342300003423000034230000D1
:1000C40034230000342300003423000034230000D0
:1000D4003423000034230000781E00003423000081
:1000E40034230000342300003423000034230000B0
:1000F40034230000401E0000342300003423000099
:10010400342300003423000034230000342300008F
:10011400342300003423000000000000000000002D
:1001240000000000000000000000000000000000CB
:0C013400000000000000000000000000BF
:10014000397101436EC619A0397141536AC866CA34
:1001500062CC5ECE19A0397101535AD056D252D416
:100160004ED64AD826DA22DC06DE3301614082828E
:1001700041114AC026C222C406C68282B24D410144
:10018000024D924C224CB24B4101024B924A224A00
:10019000B2494101024992442244B2404101828065
:1001A0003D432A876373C3029377F700BDEFADE544
:1001B000937606FF3D8ABA960CC34CC30CC74CC756
:1001C0004107E36BD7FE11E28280B306C3408A0683
:1001D0009702000096966780A6002307B700A30643
:1001E000B7002306B700A305B7002305B700A30493
:1001F000B7002304B700A303B7002303B700A3028B
:10020000B7002302B700A301B7002301B700A30082
:10021000B7002300B700828093F5F50F9396850011
:10022000D58D93960501D58D61B7939627009702DA
:10023000000096968682E78086FA9680C1171D8F09
:100240003E96E374C3F8A5B73367B500FD530D8B35
:1002500079E7B7877F7F9387F7F710419441B372AF
:10026000F6003363F600BE92B3E262006395720C4F
:100270006318D6065041D441B372F6003363F600DA
:10028000BE92B3E262006396720A631BD604104505
:100290009445B372F6003363F600BE92B3E2620097
:1002A000639F7208631ED6025045D445B372F600B0
:1002B0003363F600BE92B3E2620063987208631182
:1002C000D60210499449B372F6003363F600BE9229
:1002D000B3E26200639172085105D105E30FD6F6CF
:1002E0001317060193970601631CF70013570601C5
:1002F00093D706013305F7409375F50F91E9828096
:100300004183C1833305F7409375F50F91E18280F6
:100310001377F70F93F7F70F3305F740828010211B
:100320009421050585056313D60075FA3305D6407B
:10033000828011059105E314D6FE014582802105D6
:10034000A105E31ED6FC014582803105B105E31805
:10035000D6FC014582804105C105E312D6FC01456A
:100360008280EFF27FDE01118545054502C202C49D
:1003700002C602C802CA02CC02CEEF200040854568
:100380001305C003EF20603F854537054000EF208F
:10039000A040854513050020EF20203E3165EF2069
:1003A000C02E0D44C149A1474C0037150140B71478
:1003B00001407C824EC622C4EF20800093070008D3
:1003C0004C00138504807C824EC622C4856AEF10DF
:1003D000307F93872A004C00138504C07C824EC670
:1003E00022C4EF10F07D13098004617B4C0013855B
:1003F0000480231261014AC622C4EF10707C930767
:1004000080034C00138504C07C824AC622C4096A5A
:10041000EF10107B93070AC04C00371501407C8217
:100420004AC622C4EF10D079914B4C00138504408A
:10043000231271014AC622C4EF1090784C00138534
:10044000048060824AC622C4EF1090774C00138566
:1004500004C0231271014AC622C4EF107076F977E6
:100460004C00371501407C824AC622C4EF105075FB
:1004700093070AE04C00138504807C824AC622C49C
:10048000EF1010744C0013850480231231014AC60A
:1004900022C4EF10F072C5474C00371501407C8232
:1004A0004AC622C4EF10D0714C00138504C0231239
:1004B00061014AC622C4EF10B070930700024C00DD
:1004C000138504807C824EC622C4EF10706F89476A
:1004D0004C00371501407C824EC622C41169EF10D2
:1004E000306E930709024C00138504C07C824EC60F
:1004F00022C4EF10F06CF1474C00138504C0938ABE
:100500000AC0231251013EC622C4EF10706BE1678E
:100510009387076A3EC8B707FFBF3ECA231E210163
:10052000B70700043769004089070C0813050980E4
:100530003ECCEF101076130509808545EF20E004CE
:100540001385048093050008EF103074A14537151A
:100550000140EF1090738565138504C08905EF1085
:10056000D072930700304C00138504C07C824EC6C5
:1005700022C4EF10F064138504C093050030EF101F
:1005800010719307000411494C00138504807C828C
:100590004AC622C4EF10D0624C0037150140231226
:1005A00021014AC622C4EF10B0614C00050A138530
:1005B00004C0231241014AC622C4EF1070600561D5
:1005C000C1B619C9EFF2DFBAAA8537F500001305E5
:1005D0000545EFA020117DBE8280EFF27FB9397111
:1005E0001306C00381454800653E9307803E3ED414
:1005F0009307007D3ED689473ED0B70700209387FA
:1006000007353EC69384D1809307005C4C00138568
:10061000D1803EC8EF30A04B8C202A8437F50000F3
:100620001305053FEFA0000C2285613F21619DB6B7
:10063000EFF21FB42A8403C5D180011136CE13070F
:10064000F00F6309E5021DC415C68DC6AE873E874F
:10065000B285A28670083EC6EF30007A7248B24773
:100660003830342010300C2037F500001305C53C1D
:10067000EFA04007056139BEEFF29FAF411193072C
:10068000A0107C86C8878D47B28668002E869305A9
:10069000803E5C87713F4101F5BCEFF27FAD4111B7
:1006A0009307A0107C86C8879147B28668002E8683
:1006B0009305803E5C87AD3F4101E9BCEFF25FAB43
:1006C00093F7450041112A84AE848DCB8145EF30EC
:1006D000407083C7C1802AC67000639187067D156C
:1006E0009307E07F63ECA704B72500209385059965
:1006F0002285EF30805F38862392E18893F784006B
:1007000091CF83C7C180639B870037F50000130535
:100710000542EFA0200F05472383E186C18889CCDD
:1007200083C7C180639A870037F5000013058543AE
:10073000EFA0400D238301864101A9BC814522859C
:10074000EF30A05A65BFEFF2BFA2EF30100A9377E7
:1007500045002A8499CBEF30300D118919C537F542
:1007600000001305C540EFA0E009418819CC014500
:10077000EF30F008AA8519C1014589370545EF30EA
:100780001008AA8519C10545153F29B411E57D5505
:1007900082807D554101FDBAEFF29F9D41112E846B
:1007A000B7F5000013077100740030009385C56928
:1007B00002C402C6A3030100EFA040108547E3DA9C
:1007C000A7FCA2475D47E366F7FC32479306B003F8
:1007D000E3E1E6FC9306C003B387D7020145BA976D
:1007E0001EA04DBFEFF2DF98376700408357478167
:1007F00093F7074099CB130707805E2BC207C1838D
:1008000093F7F7BFC207C1835EAB376400408545ED
:1008100013050480EF10905A2945EF2050118545AB
:1008200013050480EF10B05E2945EF20501081457C
:1008300013050480EF10B05D2945EF20500F13051C
:1008400004808545EF107054854513050480EF1032
:1008500090586FF03F94EFF2BF91B71401404111EF
:1008600093050040138504C0EF10904185652A84EC
:100870003339A00093850580138504C0EF105040E4
:100880003336A00019C06314050E37F50000CA8581
:1008900013058561EF9010653765004081451305AC
:1008A000058002C202C402C6EF10304E85679387EE
:1008B00007C0371401407C82D1473EC64C008D47AB
:1008C000130504C03EC4EF10B02F8565938505C0A5
:1008D000130504C0EF10703B1545EF205005A544EB
:1008E000130904C0930500404A85EF10503A15459E
:1008F000EF20F003930500404A85EF1010391545AD
:10090000FD14EF20D002F9FC93050040130504C04C
:10091000EF10B0371545EF20900185649385048072
:10092000130504C0EF10B0361545EF205000938535
:100930000480130504C0EF1050351545EF20207FCB
:10094000F1474C00130504C03EC6EF107027154553
:10095000EF20E07D37640040854513050480EF10EB
:10096000D042854513050480EF10F046A53D4101B6
:100970006FF05F82EFF2CFFF3707800041112E84C6
:10098000DD464D071C21DD1793F7F70F63E6F600F0
:10099000B357F700858B9DEBB7F500009306B100C8
:1009A00070009385456A02C6A3050100EF9010719F
:1009B000FD576359A00032479306E00F63E4E60059
:1009C00018A081473E8541016FF0CFFC05055DBF52
:1009D000EFF26FF837140300B76400402A8913045C
:1009E00014D49384048085497D140DE0B7670040DA
:1009F00003D6478183D6878137F50000CA85130562
:100A00000565EF90304E7D556FF02FF8CA8526852D
:100A1000EF101041E31A35FD0145FDB70DC5EFF2AA
:100A20002FF52A8411E62300050001456FF08FF6AB
:100A3000AE84B2851386F4FFEF90907CB3079400E8
:100A4000A38F07FEDDB77D558280EFF2EFEF4111F6
:100A50002A841135E1679387176AB766004003D788
:100A60008681098B19C3FD17FDFB3769004013050B
:100A700009808545EF10F032B70403001385140098
:100A8000813F631305141305098001469305800611
:100A9000EF10D036B709070013852908153F6315F5
:100AA0000512130509808145EF109034138549081C
:100AB0000537631B0510130509808545EF10702E5F
:100AC000138514003137631105101305098005469D
:100AD00093058006EF10903213852400D53D6315F1
:100AE000050E130509808545376B0040EF10B02EC9
:100AF000130A8100014993890404930A0B809D4BDA
:100B0000194C4E85F135AA8461E15685EF10902E7F
:100B100005092300AA001379F90F631B790985459C
:100B200013050B80EF10302B1C84A94613D7470008
:100B30001D8B3307D702BD8B3E979C8478A013D7BB
:100B400047001D8B3307D702BD8B3E971C8558B0DD
:100B500013D747000D8B3307D702BD8B3E971C86FA
:100B600058A013D747000D8B3307D702BD8B3E9794
:100B70009C8638B013D74700058B3307D702BD8B4F
:100B80003E9738A0188793574700B387D7023D8B0D
:100B9000BA9793F7F70F9387077D1EA018409387A6
:100BA000818698C35840D8C3268541016FF04FDD38
:100BB000631A890181455685EF10F02185455685D8
:100BC000EF10D01F050A35BF3139FD54F1BF93072F
:100BD000007D8146930800191303400663C9A702EC
:100BE00093084006130300193D6EB368150381474F
:100BF000AD4E094F130E0E69336365020D891388DC
:100C000017006348B8027D163305D600828013F7BB
:100C1000370019E733E867021307E0166318080086
:100C200033E71703133717001307D716BA9685074C
:100C300075B77D4763EDFE006319E80101E575476F
:100C400063970800754763040300F2979823BA96E8
:100C5000C28775B7EFF2CFD12A8430312C210A2117
:100C6000BD375C200567130707E1B387E7025567C7
:100C7000130707183305E5021307C003AA97483086
:100C80003305E502AA9768203E956FF0AFD0EFF2EA
:100C90002FCE797111E5FD54268545616FF08FCF18
:100CA000CD47E3FAB7FE2A8428102ECE793BAA84DA
:100CB0007DF18347E1028348D1020348C1023EC06F
:100CC0000347A1028347B10283568102F24537F6FA
:100CD0000000130606462285EF90903775BF19E194
:100CE0007D558280F5DDEFF20FC72E84AA841306AE
:100CF000800381452285EFF0AFCA2685EF104009B9
:100D0000AA841DCDB7F5000093854556EF10200944
:100D10002A89EF10A00A05C9032609010DC6D1458D
:100D20002285ED39B7F500009385055E2685EF1025
:100D300000072A89EF10800911E92685EF00303677
:100D40007D556FF08FC423000400E9BFB7F50000A4
:100D5000938585544A85EF108004B7F500002A8AF0
:100D6000938545574A85EF108003B7F50000AA899F
:100D70009385455E4A85EF1080022A895285EF10DF
:100D8000E00345DD83270A01CDDB4E85EF1000032C
:100D90004DD583A70901D5D34A85EF10200251DD37
:100DA00083270901D9DB03260A0195451305440170
:100DB000B53103A609019145130594018531032638
:100DC00009018D451305D4019139B7F500009385CC
:100DD00085582685EF00B07C2A89EF00307E31DD12
:100DE00003290901E30B09F4B7F500009385C55EFB
:100DF0004A85EFF06FC5854711C9B7F500009385A7
:100E0000455F4A85EFF04FC451E589471CD0B7F5DF
:100E100000009385C55F2685EF0070782A89EF0072
:100E2000F07AE30C05F01C5005476398E706B7F528
:100E30000000938585594A85EF007076B7F500006C
:100E4000AA89938545604A85EF0070752A894E8589
:100E5000EF00D076E30305EE83A70901E38F07ECEB
:100E60004A85EF00B075E30A05EC83270901E386A4
:100E700007EC03A6090199451305440245360326EC
:100E8000090199451305A402513E2685EF00302142
:100E9000014545BD232004029DBF0947E39FE7E8C4
:100EA000B7F50000938585604A85EF00506FB7F570
:100EB0000000AA89938505614A85EF00506E2A8952
:100EC0004E85EF00B06FE30A05E683A70901E386CC
:100ED00007E64A85EF00906DE30105E603A60901E8
:100EE0009945130504031D3E832749017EB871BF50
:100EF00011E57D5582807D556FF0CFA9FDD975DA5A
:100F0000EDDAEFF2EFA6830745011307450189E704
:100F100037F70000130747498307950195CF9307DB
:100F200095010308D501630E08021308D501368424
:100F3000B28437F60000AE861306464AA28526859F
:100F4000EF901011E34905FAE34885FAA294A38FC4
:100F500004FE1305F4FF4DB7B7F700009387C749A8
:100F6000C9B737F800001308084AD1B7EFF24FA00D
:100F700031712A84AE841306800381452800EFF086
:100F80002FA21306140095456808EFF03FA9130639
:100F90006400914513051102EFF05FA81306A40049
:100FA0008D4513055102EFF07FA7930600089000CE
:100FB000A6852800353F635FA0002A8668241307B2
:100FC000D00F9307F5FF93F7F70F6368F7008C00D6
:100FD000EFF0AFEC29616FF0EF9B48349307F5FF1A
:100FE00093F7F70FE368F7FE8C00EFF0EFE8DDB75B
:100FF000EFF20F981306002C81451385814EEFF018
:101000002F9A23A801869387818623A0070023A215
:1010100007006FF02F98EFF2AF921D712C10C131C5
:1010200011C57D5A528525616FF04F958307810266
:101030002A8A638E0718B7F500005C08930801023E
:1010400013088101180874003000938505482810A2
:10105000EF90D0069947631CF516224B9307300694
:1010600013070B8363E5E716B24AAD471387FAFF10
:1010700063EFE714C249F9471387F9FF63E9E714FF
:101080005249DD4763E52715E2449307B00363E067
:101090009714025463ED8712A9471374F40F335762
:1010A000F40293F4F40F1379F90F93F9F90F93FA0B
:1010B000FA0FB376F4021207558F2300E10233D7FB
:1010C000F402B3F6F4021207558FA300E10233577E
:1010D000F902B376F9021207558F2301E1020547A1
:1010E000A301E10233D7F902B3F6F9021207558FD3
:1010F0002302E10233D7FA02B3F6FA021207558F40
:10110000A302E10213070B031377F70FB356F7029D
:10111000B377F7029206D58F2303F102EFF0AFF316
:10112000E1679387176AB766004003D78681098B0A
:1011300019C3FD17FDFBB76B004013850B80854578
:10114000EF102046370503000505EFF07F88631197
:10115000050E13850B80014693058006EF10004AAB
:10116000370C070013052C08EFF09F8671E11385FB
:101170000B808145EF10C04713054C08EFF05F85E9
:1011800045E9B76C0040814B938D0C80130C4C08E3
:101190001D4D1C10DE978C236E85EF106045628517
:1011A000EFF01F8351E5850BE395ABFF8545138574
:1011B0000C80EF10A04093878186239067012381E4
:1011C0005701A381370123822701C4B3E0A3938988
:1011D000814E1384814E01499384814EC14A1C2063
:1011E00085CB15466C1813051400EF90E07E0DE1D9
:1011F00011469305110413056400EF90E07D09E9A1
:101200000D46930551041305A400EF90E07C45CDF5
:1012100005091304C402E31459FD0149C14703C77A
:10122000090055C305099389C902E31AF9FED5BB24
:10123000EFF04FDB69BF8947E395F9DE2808EFF04F
:10124000DF80E31105DE4C08A808231A0100EFF047
:10125000EFD3E31905DC2808EFF0DF9FE24713071F
:10126000C0032A843ED0F24708103ED2BC8223033A
:101270000102B3D6E702B3F7E7022302D102A302C9
:10128000F102EFF03F9D3304854063560400D567BB
:10129000938707183E950357E1059307C00333076B
:1012A000F7029307C002B307F9022A97A697D8D38B
:1012B000094798CB7D5788D32394070223AA0700B8
:1012C00098CFD8CFE9A09309C002B3093903130618
:1012D000C0028145338434012285EFE07FEC8547ED
:1012E000138519001CA0701895452695EFF00FF393
:1012F000138569001306110491452695EFF00FF24E
:101300001385A900130651048D452695EFF00FF1C2
:101310004C086818230A0100230C01002300010275
:10132000EFF04FE52C0813051104EFF0AFE40C10BB
:1013300013055104EFF00FE483474101A6495CB463
:10134000834781017CA48547E397F9EE2C08E800E8
:10135000231C010023100102EFF04FC3E31405CC5E
:101360000C1013052105EFF06FC2E31D05CABC8404
:1013700023283401232004025EA88357010223227C
:101380000402231404027EA8FD571CCC5CCC014A45
:1013900051B99387018798439306703E3307E54020
:1013A00063FFE60CEFE25FDA411188C32800EFF03B
:1013B000CFE941E12800EFF0FF89AA8990850C85EB
:1013C00028841384814EEFF09F8004869307C00326
:1013D0002A89B384F4029C86930B042C054A094C99
:1013E000B7FA0000854C37FB0000BE941C2095CF57
:1013F0001C48639347055E28639C97001C4C6389D7
:10140000270193058B592285EFF05FB6232C240129
:101410007E28639C97005C4C6389270193854A6012
:101420002285EFF0BFB4232E24011304C402E31F6E
:1014300074FB41016FE0DFD4E39987FF83478402A7
:1014400089EF1C50B387F940E3C107FE93058B5920
:101450002285EFF0BFB12304440383479402F1F7E0
:101460005C50B387F940E3C207FC93854A6022854C
:10147000EFF0DFAFA3049403230004007DB7828064
:10148000EFE21FCFEFF02FBDB7170300938707D40C
:1014900037660040FD5603578681098B31C7FD171B
:1014A000E39BD7FEB7640040138504808545EF10A9
:1014B000400F370503000505EFF08FD11DE9014608
:1014C0009305800613850480EF104013370507004D
:1014D00013052508EFF0CFCF2A8401ED854513854C
:1014E0000480EF10A00D19A07D54CDFF22856FE080
:1014F0007FCAEFF02FAF7D54D5BF81468147A54805
:1015000095450D4311483307D5001823130607FDF1
:101510001376F60F63EDC800938707FDBA976383D0
:10152000660092078506E39006FF3E8582801306DB
:10153000F7FB1376F60F63E5C500938797FCF9BFB9
:101540001306F7F91376F60F63E5C500938797FA4C
:10155000F1B78147D9BFEFE2BFBE94419C452A8BCA
:101560001306200213871700B69788234111AE890E
:10157000B38DE600631FC52083A845006E89014531
:1015800013032002130EC0053308D94063731821DA
:101590000348090063126804B307F9403385A74084
:1015A00083A70901050582972A8D6304051EB706E6
:1015B00010004974CD74938706C0AA8C130CC00523
:1015C000930A6006130A200713040440930BF03FAC
:1015D000938404803EC41DA06318C8010509330824
:1015E000D9406378181B0505050979BF83C60D002E
:1015F000638A86032380DC00850D850CE3E82DFFDC
:1016000023800C00C1472326FB0083A70900232861
:10161000AB0105453306F940050623A4C900410185
:101620006FE0DFB53305B9416352A00283C61D00E8
:10163000638E560F63E2DA041305F002638BA60291
:101640006362D502130520026385A60283A74901C0
:101650006A85829783A7090001453387FD4023A44B
:10166000E90075BF6387860113052006E390A6FE97
:10167000A1462380DC0075A86381460D6368DA000B
:101680001305E006E394A6FCA946E5B793074007D7
:101690006387F60A93075007E39AF6FA9547E3D76C
:1016A000A7FA13852D00913DAA862295E3F0ABFAA7
:1016B0003385960063E7AB0813856D0036C63305A6
:1016C000A9409547E3D4A7F803C56D00E31085F959
:1016D00003C57D0093075007E31AF5F613858D00C7
:1016E000293D33088500E3E30BF7B246A2471375A3
:1016F000F53FAA06FD8EC98E4165AA963145930F26
:10170000000F91481388F8FF1378F80F669813FFBD
:10171000F60F63970C0785479376FF076384F800FD
:10172000B3E6EF012380DC00C69C31A0B1472380E3
:10173000FC00850C0945AA9DD1B5B547CDBFA5478D
:10174000FDB79307F00763FFD7009307F07F63FFB0
:10175000D700416563E1A60237051100E3F8A6EE64
:10176000194571BF1945814F854869BF1945930FC8
:10177000000C894841BF1945930F000E8D4859B799
:10178000137FFF03136F0FF82300E80199827D1880
:10179000BDBF0145E3900DEC59B51DC9144185CA83
:1017A0005C411845130600026365F7008280050757
:1017B00018C518456378F700B385E6008C21E378F7
:1017C000B6FE82806396E700FD171CC58280014546
:1017D0008280EFE25F9841CDD9C9AE8900453DEEE8
:1017E000854A51C40329040263070906630F3907B8
:1017F0004E8B034A0B00EF80304652951C318D8B87
:1018000063945701130A0A0283440900EF80D0440D
:1018100026951831A6870D8B631457019387040210
:1018200083440B006309FA04EF80104326951C31B2
:101830008D8B639457019384040203490900EF8060
:10184000B0414A951831CA870D8B6314570193072D
:101850000902638CF400004069B7004009C80C50CD
:1018600089C54E85EFE05F9E6DF91C5091E3014400
:1018700022856FE09F91F5D8050B05099DBFEFE22A
:101880003F8FAA871305800282972A8411C5130609
:1018900080028145EFE0DF9022856FE0BF8FEFE2AD
:1018A0003F8DB70400202A849384040019E06FE080
:1018B0007F8E5C440329040093F7071089E70844EE
:1018C00015E1084815E55C4493F7072099E70850AF
:1018D00009C5DC40829723200402DC4022854A842B
:1018E0008297E9B76D3F5C4493F70710F9DBE1BFDE
:1018F000DC40829723280400F9B781E581473E85C3
:101900008280EFE25F8583A905004111638C091293
:1019100003A9850003AA45002E84930A4900AA84DE
:1019200063625A03B7F5000011469385056C338551
:101930002901EF90600A19E59147DCC42324540182
:1019400085471DA0130B590063646A03B7F50000B7
:1019500015469385856C33852901EF90E00709E9E9
:101960008547DCC4232464013E8541016FE0FF818B
:1019700063635A03B7F5000011469385056D3385FF
:101980002901EF90600501E98947DCC48547DCC87F
:1019900023245401D1BF6377490BB38729019823CE
:1019A000930620026318D700A2852685EFF0BFBA00
:1019B000AA875DBF9306D0026309D700930607FD8F
:1019C00093F6F60F25466368D60ED29902C63E8777
:1019D000014A130690039305500413085006930818
:1019E00000039306B002054313051A006381E90260
:1019F0001C23636BF60463FD1705638BD70463E850
:101A0000D700938737FD93F7F70F6373F3041C48F0
:101A100082972A89814729D91C440C4052864A9AC8
:101A2000BE95EF8050296C0023000A004A85EF9094
:101A3000104BB2492A8AAE8A032B4401631D390137
:101A40004A85029B81470DB76384B700E39107FD88
:101A500005072A8A51BFB7F7000003A6076B83A6C4
:101A6000476B88CCCCCCEF70103563410502B707CB
:101A7000008093C7F7FFDCC81844A147DCC4B387D4
:101A80002941BA971CC44A85029B5DBDB7F7000087
:101A900003A6876B83A6C76B5285D685EF70903CF3
:101AA0006345A000B7070080F9B75285D685EF805F
:101AB000F005C8C8D1B79306B005631ED70A5444D1
:101AC0001306703EE360D6F8850654C49C23E39B5E
:101AD000E7F60509232424012285C1311C4458401E
:101AE00063F6E70E18403E9714231307D00563945E
:101AF000E602014981495C44FD175CC46384090026
:101B000023A2290193070002DCC41C4423A434014E
:101B100085071CC435B5FD171CC4014A8149930AC9
:101B2000C0020848A93B2A89630505146383090498
:101B30002320AA00232245011C44228585071CC4BA
:101B4000EFF0BFC5A2854A854D3B6306051222858D
:101B5000EFF0BFC418445C40637FF7101C404A8A12
:101B6000BA979C23E38F57FB1307D0056395E710C3
:101B700059B7AA89D1B79306B007E315D7EC5444F7
:101B80001306703EE360D6EC850654C49C23E39BA9
:101B9000E7EA0509232424012285EFF01FC01C4435
:101BA000584063F5E70218403E9714231307D00707
:101BB0006391E602014981495C44FD175CC463847A
:101BC000090023A22901930700043DBFFD171CC48F
:101BD00095BDFD171CC4014A8149130BA003930A4C
:101BE000C0020848EFF0BFC92A8941C563810908CE
:101BF0002320AA00232245011C445840850763FC8A
:101C0000E7061CC42285EFF05FB9A2854A85EFF094
:101C10009F9435C12285EFF05FB8832709015840B2
:101C2000232809002320F9021C4463F6E704184026
:101C30003E9718236311670585071CC42285EFF0C2
:101C4000DFB5A2854A8555391DC52285EFF0FFB461
:101C500018445C406371F7021C404A8ABA979C237F
:101C6000E38157F91307D0076397E700B1B7AA8953
:101C700061B7E38909DC4E85EFF07FC2E1B3EFE2A3
:101C80008FCD01112A892E84B28981457146480081
:101C9000368AEFE0EFD09387418723A0070023A285
:101CA00007006309090A9384418751C4B7050020DE
:101CB00022C43146138405004808938505004AC2B2
:101CC000EF80607F0840EFF09FBB2A842DC512454E
:101CD000814705C5324715E3A24611475C00637E84
:101CE000D700B7F500000D469385C56AEF80D04E4A
:101CF0005C0001E58D473EC65C003E85EFF0FFA924
:101D0000AA852285EFF07FBF05C563180A00639599
:101D10000904228505616FE04FC74800EFF0FFA777
:101D20003247A2476376F7009247BA979C23E5D3E0
:101D30002285EFF0DFB63247A2476365F70291C311
:101D4000FD17638609003307F90023A0E90023A0EB
:101D50002401DCC0014475BF92473247BA9723A0E3
:101D6000F90045BFBA87F1BF15C1EFE26FC041115D
:101D70002A84AE8432C6EF801045B2469305150022
:101D800026862285ED3D41016FE0CFC0014582806E
:101D9000EFE20FBE01468145C13F6FE0AFBFEFE20A
:101DA0002FBD0146EFF0FFA26FE0CFBE11C5482561
:101DB00061151335150082800145828011C54825C3
:101DC00041151335150082800145828019C54825CB
:101DD000130505FC1335150082800145828081477B
:101DE00021C103D6018893872188962313872188F0
:101DF0008147C206C1826385C6021623B717002039
:101E000093870719B6979C239306F07F1CA11E2386
:101E10008507C207C18363F3F60081471EA3854788
:101E20003E858280239001882391018882807300FF
:101E3000203037F500001305056FEF80B01C01A0BE
:101E4000EF10600F730020302945EF00D0419387D9
:101E5000C1879843854537050040290798C3EF009F
:101E6000702073002030373501408545130505C0CB
:101E7000EF00501F73002030411122C6374400404C
:101E80009305505213050440EF00F02D21C91305AE
:101E90000440EF00302C938701889E239306F07F47
:101EA000138701888507C207C18363F3F600814762
:101EB00083D62188638CD7001223B716002093861F
:101EC00006191375F50FB29688A21EA33745004078
:101ED0009305505213050540EF00B02C32444101E8
:101EE000730020302397018823A40188A3860188EA
:101EF000238601888280EFE22FA579719D2C716481
:101F000013050420EF106029EFE0AFC5EF10C01FEC
:101F10001305401FEF1000259305703E1305700751
:101F2000A9267D2685451145EF00300585453705F5
:101F30000200EF007006B71401409147138504803A
:101F40007C860D49E1476C003ECA4AC89529A147E5
:101F5000138504807C866C009147130404203ECADC
:101F60004AC8B92922CC37440040B7070C001305F2
:101F700004402C083ED002CE23120102EF00500F85
:101F800005469305505213050440EF00D0189307FF
:101F900060137C8285475C83480085473EC4612D81
:101FA000854513050440EF00B015AD3DEFF04F84BB
:101FB00037F5000013054570EF80D004370400208A
:101FC0009307C41EB833B42390338345C41E37F53A
:101FD000000013054571EF80E070B704002093877F
:101FE000841EB833B423903383C5841E37F50000B4
:101FF0001305C572EF80006FEFF08FC851E937F518
:10200000000013054574EF80E07F13850186EF0023
:10201000902393860186138681809385841E130501
:10202000C41EEF10000637240020EFE08FD9EFE048
:10203000CFDA13040419EF00B04BEF10307719C159
:10204000EFE06FF083A4C187930AE07FB7FB000045
:102050002808EFF0DFD831E12685EFF08FB39387C2
:10206000018994431167130777A9B386D440E374B9
:10207000D7FCE145280884C3EFE07FC16314050E57
:1020800037F500002C081305C577EF80A06565B70C
:1020900037F5000013054575BDB7138D818883277B
:1020A0000D00830C81019DE39307B007E392FCFAD6
:1020B000153D85471387E1882320FD001E23938665
:1020C0001700A29716A32380970159B71386E188BA
:1020D000162263F4DA003935A5BF138716004207CC
:1020E000A2962380960141839386D1881AA29022DA
:1020F00015C69387C188982301C72380070089BF2D
:102100001307C0056395EC00054798A391B79307A3
:102110002002E39FFCF2238006001DBF130620026D
:102120006395CC0085479CA225B79306B0076396BC
:10213000DC0085072320FD0021BF9306D007E3992B
:10214000DCF0FD172320FD00E344F0F02297A28588
:1021500013858B7623000700EF80C0582285EFE0BF
:102160009FEB95BF37F5000013058578EF808069F8
:10217000D9B5B71702409843B706FFF0411113676E
:10218000170098C3D84337060200758FD8C3984309
:10219000B706F7FEFD16758F98C39843B706FCFF88
:1021A000FD16758F98C3D843B70601FFFD16758FCE
:1021B000D8C337079F0098C702C402C69843C166B8
:1021C000558F98C3B716024005679C42F18F3EC6F3
:1021D000A24785073EC4B24781E7A247E397E7FEDF
:1021E000B71702409C431397E700635E07068547D5
:1021F0003EC6324785476316F706B7170240D843F5
:10220000B706C000558FD8C3D843B706C1FFFD1627
:1022100013670708D8C3D843D8C3D8431367074008
:10222000D8C3D843758FD8C3D843B7063500558F68
:10223000D8C39843B7060001558F98C398439316A7
:102240006700E3DD06FED843B7160240719BD8C392
:10225000D84313672700D8C32147DC42B18BE39EE4
:10226000E7FE4101828002C669B7EFD27FF02A847F
:1022700005650111AE8413050580854502CA02CCAF
:10228000231E010002C602C8CD29E0823734014076
:102290004C08130504C0E484231D0100231B010026
:1022A000230E01003523930790027C868D475C87BF
:1022B000680085473EC841260546130504C085458C
:1022C000492B8545130504C08D2B05616FD09FEC0C
:1022D000EFD21FEA41118545054502C202C423160B
:1022E00001005D2983A7018137470F0013070724E9
:1022F000B3D7E7024C0037050040231501007C846A
:1023000089679387F7703EC2E12105468545370509
:102310000040812385453705004005238545370565
:1023200000408923B7E700E0056723A2E7104101D9
:102330006FD05FE601A097E1FF1F9381216B17E14A
:102340000020130121CC17E500001305659C97E5DB
:10235000FF1F938525CB1386018663FAC500832270
:10236000050023A0550011059105E3EAC5FE13857C
:10237000018697550020938565656377B500232016
:1023800005001105E36DB5FEFD42739002BC8D4260
:1023900073904280930280087390023097E2FFFFAF
:1023A000938282C693E2320073905230EFF07FDC6A
:1023B00097020000938262B473901234730020304D
:1023C0009C4513F7070113F8F70001C7D84133689C
:1023D000E8008E2113F7F50F39C318418146854E69
:1023E0003D4F930F800293028004214E3396DE000E
:1023F000B3F8C500631116039398260033131F0129
:102400001343F3FF3377E300B318180133E7E80011
:10241000639FF70550C98506E39AC6FD18C11307E7
:10242000F00F6375B70454412146854E3D4F930F1D
:10243000800293028004414EB398CE0033F7150119
:102440006392E8021317260001173313EF001343BA
:10245000F3FFB376D3003317E800D98E639DF701FD
:10246000232A15010506E319C6FD54C18280E394B1
:1024700057FA10C94DB7E39757FE23281501DDB76A
:1024800008456D8D3335A00082800CC982804CC90F
:102490008280EFD2FFCD797146212A8468082EC64A
:1024A000F52A925737470F001307072433D7E7025F
:1024B000C204C18093F404FCC204B7869303C180B4
:1024C0009386F66FB24542074183D98C63F4F600D8
:1024D0001307C00346A0162061661306066AC206EB
:1024E000C182F99AC206C18216A094416369D604DA
:1024F0008606B3D7D702114693960701C182B687E5
:1025000063F3C6009147C207C183050742074183B1
:102510001AB05EAC1E20DA21B62593E717001EA084
:102520001E20558FC207C18393F757BFD98F1EA0B6
:102530009A25DE25D98F1EA445616FD0BFC5EA213B
:1025400031667D166319C5020D46B386C602B3D740
:10255000D702C207C1839396470199E293E7170018
:10256000A166D58F9306C0123307D7029306803E2B
:102570003347D70259BF6546B386C602B3D7D702E1
:102580009166C207C183D58FF9B71E2189C593E72C
:1025900017001EA18280C207C183F99BC207C183B5
:1025A000CDBF1E2189C593E707101EA18280C207F7
:1025B000C18393F7F7EFC207C183C5BF1E2189C549
:1025C00093E707201EA18280C207C18393F7F7DF3C
:1025D000C207C183C5BF1E2189C593E707401EA15D
:1025E0008280C207C18393F7F7BFC207C183C5BF0B
:1025F0000EA982800A291375F50F828093F7E50FE3
:1026000019C293E71500C207C1831EA982801E214B
:1026100089C52167D98F1EA18280C607C583E5BF02
:102620005E290A2D42055D8D6D8D220521810D8D5E
:1026300013351500828003A7418985471421631053
:10264000F7021C31639CE7023C21960793E707F8E9
:1026500037E700E093F7F70F36972300F740054779
:1026600093D756003317D700544189CE9387070478
:102670008A07B7E600E0B69798C38280EDF33C2165
:102680009607F9B793870706E5B7B7160240DC420D
:1026900051777D17F98F5D8DC8C282803717024050
:1026A0005C439146B18B6385D706A1466387D70605
:1026B000B7177A00938707201CC1371602405C4287
:1026C000370700201307C7009183BD8BBA97942367
:1026D0001C41B3D7D7005CC15442A1829D8ABA96EF
:1026E0009422B3D6D70014C55442AD829D8A369742
:1026F0001823B3D7E7005CC5584239839376370077
:102700001387418136971823B3D7E7021CC982800B
:10271000B757E8019387078045B75C435843C166C4
:10272000C983BD8B758F8907C5466393D700C94799
:1027300001EF3747024003270780418B15CB37173E
:102740007A001307072029A8B7160240D842370697
:10275000C000718F6319C7003727F40013070740C3
:10276000B387E70291BFD8429316E700E3D906FC8E
:1027700037173D0013070790E5B799C53717024093
:102780001C4F5D8D08CF8280B7170240984F1345CC
:10279000F5FF798D88CF828099C5371702405C4F4D
:1027A0005D8D48CF8280B7170240D84F1345F5FFA3
:1027B000798DC8CF8280B7170240D843B70600F0A2
:1027C000FD16758FD8C3D8437205598DC8C3828052
:1027D0001E2137370140130707C0C207C1836304B6
:1027E000E502370700406300E50213070740630C6A
:1027F000E50037170040930607806306D5001307EE
:1028000007C06316E500BA2193F7F7F8D98FFA21CC
:1028100093F7F7CFC207C183D98F1EA1DE215EB522
:102820009E211EB5B7370140938707C06314F5009A
:102830009C251EB985475EA982801E2189C593E724
:1028400017001EA18280C207C183F99BC207C18302
:10285000CDBF5E2501C6DD8D4EA5828093C5F5FFF7
:10286000FD8DDDBF93C5F5FFC205C1810EA9828034
:10287000EFD21F901629F577FD17F58FF621DA258F
:102880007971D58F1EA95625FD779387379FF58FD0
:10289000D6212A842EC6D58F9625D58FB625D58FDD
:1028A0005EA55E29C207C18393F7F7CFD98F5EA9D2
:1028B0006808EFF0BFDEB747014093870780B24555
:1028C000631EF402A2576547B387E7029841930657
:1028D00040060A07B3D7E70233D7D702B3F7D702C8
:1028E0001207920793872703B3D7D702BD8BD98FDF
:1028F000C207C1831EA445616FD0DF899257E1B73B
:1029000091C55E250967D98F5EA582805A25F97722
:10291000FD17F98FD5BF13F7F50F85471583B395CD
:10292000B7006319F7009307C500984301CED98D0E
:102930008CC38280894693074501E318D7FE93072D
:102940000501E5B793C5F5FFF98DDDB793F5F51FE3
:102950004EA182804A211375F51F82800A216D8D58
:102960003335A000828013F7F50F85461583B397A2
:10297000B6006311D7025A25F98F1A210145420783
:10298000418381CB0545A181B315B5006D8F3335EA
:10299000E000828089466314D7001A29F1BF5A29C2
:1029A000E1BFA1818547B397B70093C7F7FFC2077F
:1029B000C1831EA182809387018A9843144363C612
:1029C0000602144337060080C205D18E14C3378730
:1029D00002402AA7C1810EA77433054593E68600FD
:1029E00074B39843584798C3828001458280EFD2E0
:1029F0002FF8854793050004631AF5003715014049
:102A0000130505C0EFF07FA86FD0CFF83715014050
:102A1000130505C0EFF0BFA7C5BFEFD26FF585471F
:102A200093050008631AF50037150140130505C02A
:102A3000EFF0BFA56FD00FF637150140130505C0A5
:102A4000EFF0FFA4C5BF37F7FF1F81471307D77EFD
:102A500099463306F7400C223306F50085070CA291
:102A6000E399D7FE82809387418A98433A9588C339
:102A70008280EFD2EFEF3784024095472302F402C1
:102A8000854716302302F4021A30FD8A420741833B
:102A90009387218BDDCE9423139686016186634A4A
:102AA00006041387818110239375C60091E9A38DD5
:102AB000018A2388018A130700F898A36FD08FED4D
:102AC00093F52600EDF593E626006D9A10A3A38CEE
:102AD000018A94A3230204021E3093E70720C20751
:102AE00093E707105CD01C23C20793E7E7115CD083
:102AF000F1B79386B18B9022930516008CA2954571
:102B0000E31EB6FA1377070255FBA38C018A2380D4
:102B10000600238C018A23800700230204021E3052
:102B200093E70720C20793E707105CD083C6818133
:102B30001387818113F6C60093F7B60F19E293E766
:102B400046001CA3C20793E7E711378702405CD316
:102B5000B5B71377070221FF982393060008631483
:102B6000D7021387018B142329466385C600850687
:102B700014A3A9B723000700A38C018A238C018A20
:102B80002380070025BF05EF9387818B9423294677
:102B90001387160098A313878181639EC600238044
:102BA0000700F9472302F4021E3093F7370F93C74B
:102BB00037001CA315BF142313F6C600B5BF894602
:102BC000E31ED7EE9384818198209376C7008DE22F
:102BD0001367470098A0230204021E30294593E79B
:102BE0000720C20793E707105CD091239C20EDBD1E
:102BF0001387918B14233D46E39BC6F62300070001
:102C0000B5BF03A7418A23AAE18A03C68189094780
:102C100093868189637AC702B78702407947238206
:102C2000E7029A334207418313562700058A9367C8
:102C3000470019C2937737FFC20793E7E711378739
:102C400002405CD32380060082809387118B9823F7
:102C50001377F70F21CB03A7418A83A6418B158FEA
:102C60009306301F63F5E6082380070037470240CC
:102C70008327078093E747002320F780B70700806A
:102C800093870710378702405CD3A38D018A238D79
:102C9000018A2388018AA38C018A238C018A2389D3
:102CA000018A8280EFD2CFCC83C7A18B95E31387B3
:102CB000418A9387418B14439043918E13061003EE
:102CC0006376D600184398C3EFF0BFDA6FD08FCC8D
:102CD00083C7818AE5DF83A7418A03A7418B998F48
:102CE00013073006E374F7FEEFF0BFF1C5B782803B
:102CF000EFD20FC8EF006072AD23EFF01FF56FD079
:102D00006FC9EFD2EFC641118545214502C202C409
:102D100002C6EFF09FA69307000C371401407C8297
:102D2000C1473EC64C008D47130504C03EC4EFF0BA
:102D30002FE9130504C093050004EFF00FF5930588
:102D40000008130504C0EFF04FF441016FD08FC4A9
:102D500023AEA188B7080080814713030060130EDB
:102D6000F6FF63E3C700828033886702139747004A
:102D7000B306E50023A016012E9823A406012A8895
:102D800063F5C70141073308E500850723A606015F
:102D900093F7F70FF9B783A7C1899A27B78702403E
:102DA000DAA7F83313674700F8B38280EFD24FBC3D
:102DB0000545EFF05FA06FD0EFBDEFD26FBB4111C3
:102DC0002AC6EFF0BFFEB7870240A3810700B833E1
:102DD0001367B70DB8B3B83313674700B8B37D575F
:102DE000D8A3D8331367070CD8B3F8331367070C8D
:102DF000F8B3F8331377F703F8B3238C07003245A1
:102E000058312384E7025821A384E702383123850F
:102E1000E7023821A385E70218312386E70218214B
:102E2000A386E702983F1367170098BFB82F7D8BE2
:102E3000B8AFB82F13670702B8AFB82F13670701F1
:102E4000B8AFB82F1377B70FB8AFB82F1367170005
:102E5000B8AF13070060FAAFF8231377170FF8A382
:102E6000F8231367A700F8A337470240832707809A
:102E700093E747002320F78041016FD0AFB1EFD235
:102E80002FAF7523378702401C2F93E707021CAF33
:102E9000238C018805472384E18A03A7418A23AA5A
:102EA000E18A1147238DE18AEFF0FFEE6FD08FAEFC
:102EB000EFD20FACAD2B3747024083270780ED9B45
:102EC0002320F7800547A388E18A03A7418A23AA24
:102ED000E18A6FD02FACEFD2AFA9B7870240054788
:102EE0002382E7028A3315472382E70242054181A4
:102EF0009A33937645008DCE9376050289C6EFF01E
:102F00001FF86FD02FA9420741831DE337070080C8
:102F100013070710D8D3A38D018A238D018A238834
:102F2000018AA38C018A238C018A2389018AD1BF5B
:102F3000EFF01FF8F9B7EFD2AFA3B7860240C02277
:102F40001374F40F93770404B5CB93070004DCA249
:102F50001386C1891C42984363560704D8321377FD
:102F6000870755EFCC479841635E07029843617528
:102F70007D150607058398C39843698F98C39843C6
:102F8000370501C07D151367073098C39843698FD3
:102F900098C3FA26884311074207498F98C39E2594
:102FA0000CC2DEA69387818A982309CB2380070071
:102FB000378702401C2F93F7F70D1CAF93778400DF
:102FC00099CB03A7018A1C43860785831CC3B78757
:102FD00002402147D8A39377040199C7EFF0BFEFD0
:102FE000B78702404147D8A39377240099CB03A722
:102FF000018A1C43860785831CC3B78702400947A3
:10300000D8A3058809CC83C7818A91C79387818912
:103010009823050798A3B78702400547D8A36FD028
:103020006F97EFD2EF942A84EFF0BFCD13054006DF
:10303000152A2285EFF07FD8B73700209387079DA8
:1030400023A0F18A374700201307071A37350020DD
:10305000B73500201304059998C723A00700DCC7E3
:1030600011469385059E13050599EFF07FCE23A6A3
:10307000818A37070020B7E700E023A2E7106FD06E
:103080006F91EFD2EF8E39719307005F3ECA9307BD
:10309000405B3ECC8567938747263ECE930720034F
:1030A0003ED0930730103ED2B727554289073ED411
:1030B000B73700009387A7A13ED6B73700009387A4
:1030C000E79E3ED8B73700009387679B3EDAB75735
:1030D0003412938787672A8948082EC632C4B6847B
:1030E00002DC3EDEEF00D0052A8419E92246B24513
:1030F000A6864A85EF00007A2A842685EFF07FF2C3
:10310000228521616FD00F8983A7018137177A004B
:1031100013070720B3D7E70293F7F70F238FF18A3E
:103120001307803EB387E702239EF18A8280B7F7B8
:1031300000E0D8438146799BD8C303C7E18B3306AF
:10314000A70290CBD4CB98431367070198C3984349
:103150001367170298C3D843058B75DF9843799B93
:1031600098C38280B7F700E0D8438146799BD8C3E3
:1031700003D7C18B3306A70290CBD4CB98431367F8
:10318000070198C398431367170298C3D843058B68
:1031900075DF9843799B98C38280EFC27FFD011150
:1031A0002A84854537050200EFF00FDF854511457C
:1031B000EFF0AFDC91477C82371501408D473EC46C
:1031C0004C00E147130505803EC6EFF06F9F22C813
:1031D00037440040B70708000C08130504403ECCF4
:1031E00002CA231E0100EFF0AFE885451305044035
:1031F000EFF00FF105616FC0FFF9EFC2DFF5B744E3
:103200000040AE893289014493840440634524011F
:103210004A856FC09FF7930500042685EFF00FF4F1
:103220007DD9B38789008385070026850504C205FB
:10323000C181EFF0AFF1D9BF1387C1811C43B786BD
:1032400000209386869C3E95636BD500B7060120CF
:103250009386068063E5A60008C33E858280FD57FD
:10326000EDBFEFC2FFF083A7418A41113EC6EF00D8
:10327000B05B1189630005149387818D9843B24632
:10328000998E378700200327479005836376D70000
:10329000324798C3EF30A05CEF30100883A7818ECF
:1032A00091C7EF30E05D19E123A4018E9384418D35
:1032B0009840B247998F1307703E6376F700EF107E
:1032C000B03FB2479CC09387018C9843B246998E19
:1032D0000567130777386376D700324798C3EF0046
:1032E000907BB78700209387878CD84711CF1387AF
:1032F000018D1043B246918E1306703E6376D60060
:10330000B246DC4314C38297B784002083A70487A6
:10331000A9CB1387C18C1C43B2461306A00F9D8E08
:10332000B787002083A70794ED83B387C70263E9BB
:10333000F600B2471CC3938704879C4B91C38297C6
:103340009387818C9843B246998E3D671307F7A502
:103350006379D70032479384048798C3DC4891C3CC
:10336000829732459384418C7D2C9C4032471D8F3F
:10337000BD679387F7A563F5E700952CB2479CC01E
:1033800003C7518EBE841377F70F0DC703C7518E45
:103390001377070C1DE3B787002083A7879499C391
:1033A0000545829703A7418A23A0E18E9307000475
:1033B000A382F18E41016FC0FFDD03C7518E1377E9
:1033C000070415CB83A6018E03A7418A1389018EBA
:1033D000158F93064006E3FFE6FCB787002083A71E
:1033E000879499C30145829783A7418A2320F900D6
:1033F000930700F875BF03C7518E62076187E35BCF
:1034000007FA83A6018E03A7418A158F930640060B
:10341000E3F2E6FAA382018E71BFEFC27FD5378552
:10342000002013058595EF10004A6FC0BFD6EFC28C
:103430003FD4B78700209387878ED85737840020E2
:1034400088D313674700D8D711899307C4929C4F3C
:103450001304C49201CD99C3014582975C4C99C372
:10346000014582970545AD226FC0DFD299C305455E
:1034700082975C4CF5DB05458297FDB783A7C18A2F
:10348000232005009DCB944363DB0600D447904284
:10349000634506029C4363D4070023A6D18A83A711
:1034A000C18A91650146FD153548B70800809443EF
:1034B00063D7060019C223A6F18A0145828094438E
:1034C0001393060163420304944393F606108DCED2
:1034D000944393F606208DCA9443C182ED8EF11673
:1034E00014C16371D802944393F6060281EA19C2AB
:1034F00023A6F18A9C475CC105458280944393F6DC
:103500001608F5D62320050023A017010546DC4741
:1035100079BF03A7C18AB706008014C3584723A602
:10352000E18A8280EFC2DFC483C7518E93F7F70F21
:1035300081E78547A382F18E03A7418A9387C18DD6
:1035400009CB98C3B787002083A7C79482976FC021
:103550007FC40547FDB7B7F7FF1F03D56770137525
:10356000050F8280EFC2DFC0B787002083A7C79412
:103570000149B9C783A4018AA1C49C4003A984005E
:103580001384C18D63DC0702EFF0FFFC1440814718
:103590001306000813083006A16813030003630430
:1035A000C5006312650203A7418A158F6364E800B2
:1035B00063FBF8009C40860785839CC023200400A1
:1035C0004A856FC03FBD9840E35A07FE8507C1BFDB
:1035D00003A7418AB78700209387478688A3239152
:1035E00007002392070098C7A38007008280EFC2DC
:1035F0003FB8B7840020138484955C4041116C006F
:10360000138584953EC623220400EF00D069B2479B
:103610006C00138584955CC05C443EC6EF00B068C6
:1036200041016FC03FB7B787002093874786982333
:1036300019E388C7828098479306703E3307E540B8
:1036400063F3E602EFC2DFB2BA2388C7914663F79D
:10365000E6000145EFF0DFF76FC0DFB30507BAA35F
:10366000EFF0FFF8D5BF8280EFC29FB02A840145FA
:10367000EFF01FF6B78700209387478611C80547EC
:1036800098B3B7870020094723AAE7906FC09FB07F
:10369000A3800700E5BF8280EFC21FAB5C42032A14
:1036A00085000329C5000049AA8488239C33B28978
:1036B000A2075D8DEF1060309355650093F5C5034B
:1036C000B305B0404E85EF20406549E5DC44984C99
:1036D00003DB8900998F63F867014E85EF20C06A8C
:1036E00005456FC0FFA94A9A4E890356A900B30A3F
:1036F0008A40832B490063F4CA045686DE852285FE
:10370000EF60705B8357A9009844330444413E94B2
:103710002286B3855B013A85EF60F0592A9403292C
:103720000900E31409FC4E85EF2000669C4C80C81C
:10373000DA979CCC9C4093E747009CC055B7228504
:10374000DE85EF6050578357A9003E94E39957FDFB
:103750008044F1B7014571B771CAEFC2FF9E832B58
:10376000C5001C4D035B8600BA8AB387FB40368ACE
:1037700032892A8463F767013285EF20E0606FC0E9
:103780003FA01C450449B289BE9B03D6A900338CD7
:103790009B4083AC49006377CC066286E68526852C
:1037A000EF60705183D7A9001844B3847441BE946C
:1037B0002686B3858C013A85EF60F04FAA9483A9E1
:1037C0000900E39409FC4A85EF20005C0328840388
:1037D0006305080483451A0083470A001448A205BC
:1037E000DD8D83472A005A875686C207CD8F8345D1
:1037F0003A002285E205DD8D02981C44232C04004A
:103800001CC8B5BF2685E685EF60F04A83D7A900BE
:10381000BE94E39687FB04445DB7184C1C4004C873
:103820005A9793E7470018CC1CC091BF828019C9F2
:103830003305A040BD679387C77B1375F50F3E9591
:103840000821828001458280EFC29F929307C003C6
:10385000B387F502377400201307C47E2A89AE842B
:103860001306C00381451304C47EBA973E85EFC09A
:103870003F93630709001306C003CA85EF60B04396
:103880009305C003B385B402A2959C459CC9DCC9CD
:103890006FC05F90EFC23F8C2A8A378500204111AC
:1038A000AE89B284814561461305058736C6EFC0EF
:1038B0003F8FB246378400201309848EB68519469F
:1038C0001305C900EF60303F1146D2851305848E81
:1038D000EF60703E1146CE8513054900EF60B03DA4
:1038E0001304848EA1E0B7070001FD171CC48144B6
:1038F00083C7418E63CFF402EF10E00385475CD0AD
:103900001567B78700209387C78D130707E298C311
:103910001167130787A9D8C3254798C701454101F7
:103920006FC0BF861146A68513058400EF60B038CE
:103930007DBF93F5F40F0145EFF01FF185044DBFF6
:103940001855B7573412938787676310F712EFC281
:103950009F801C512A8425456381071037890020E8
:103960001306400481451305898EEFC07F83B78419
:1039700000201306C00281451385C492EFC05F8208
:103980001306C002A2851385C492EF60D0329389DA
:10399000C49203A749014A869387C49225EBBD666A
:1039A00003D7C6799386C679AE222E97CE22F62209
:1039B0002E9736979316270163D3060AD8CBD84B98
:1039C0009356E700FD8A89EAB746F8FFFD16758F22
:1039D000B7060500558FD8CBD84B93563701FD8AD3
:1039E00089EAB746F8FFFD16758FB7065000558F68
:1039F000D8CBD84B9316670063CA0600B70600FE03
:103A0000FD16758FB7060014558FD8CBD84B93563B
:103A1000B70189E6B7060040558FD8CBD85311E7D8
:103A2000373700001307C747D8D3D44B014513D706
:103A3000E6007D8B2382D18E9307868E98CF13D795
:103A400036017D8B130620033307C702D8CF1397A7
:103A50006600635407000947B8C36FC00FF3F976D7
:103A6000FD16758F8966558F91BF1305F00F828003
:103A700003C6418EB77700209386C77E01479387A0
:103A8000C77E6317E60081476313F7020145828012
:103A900003A807036317A80009C50545EDD998A138
:103AA000828005071377F70F9387C703D9BFD05AD2
:103AB0006319A60019C50545F9D993E707F89CA134
:103AC0008280850793F7F70F9386C60375BFEFC211
:103AD0008FE8377900202300050003C7418E41118C
:103AE0009307C97E81441309C97E631797001305A4
:103AF000000241016FC06FE99387C70383A647FEA9
:103B000063810618850493F4F40FC5B7B7870020C6
:103B100083A7878E6C003EC6EF20605A114693053E
:103B2000C4026800EF6030196C004E85EF20005B26
:103B30001306C0033386C402B73500009385856938
:103B40004E854A96EF20605B9547378500206C00D4
:103B5000232834031CD013058595EF00D014A685C7
:103B60002285EFF07FCE014569B709476390E70AE8
:103B7000EF50404CAA8963030512930AC402114610
:103B8000D6856800EF603013324A370500F0EF0049
:103B9000F065337AAA00370500E0EF003065630076
:103BA000AA04B7850020938585956800EF10202C26
:103BB0001DE5B787002083A7878E12346C004E85E1
:103BC0003EC6EF5000251DE1D68511466800EF6026
:103BD000900E52306C004E85EF50803D39A012346B
:103BE0009385C1844E85EF50C02201C5EFF03FC4DC
:103BF00009B71306C0033386C402B73500009385A6
:103C000085754E854A96EF5080423DBF0D4713059E
:103C10001002E390E7EEEF20506C5C4412346C002D
:103C20005EB9B787002083A7878EAA893EC6EF209A
:103C3000E0552A8A11C54E85EF20302E52857DB77A
:103C40009305C003B385B4024E85CA95EF20A074D6
:103C5000B73500004E8593856569EF200074954760
:103C6000A685228523283403232A34031CD0EFF0B1
:103C7000BFBD378500206C0013058595EF00B002AD
:103C8000DDB504A1DC4DC4C12E84E39007EE0345ED
:103C90008402EF20E046AA89E31A05E6454591BD76
:103CA000EFC20FCD4EB52A84EF20A05F09CD834728
:103CB0006402228593E727002303F402EF40B00655
:103CC00005456FC02FCDB787002083A7C793A18379
:103CD000858BFDD783476402858BFDD38947A3037A
:103CE000F402054723A4E18EE1BFEFC2CFC6144220
:103CF0006944CDCE23200600328A1306C003330662
:103D0000C502B77400201387C47EAA89AE87938446
:103D1000C47E3297032B8700504703298701404B0D
:103D2000329B63F326013689B30A8B4063F32A0979
:103D300081CB3E855686A285EF60E077B3075501BB
:103D40001307C0033387E9024A943304644126977A
:103D5000832A870091C72286D6853E85EF60A075AD
:103D600056949307C003B387F90223202A01A6972C
:103D7000984FC0CB3309274123AC270163180900B2
:103D80009847D8CB98CB98436D9B98C39307C003B3
:103D9000B389F9028D470144CE94D84C6318F700DB
:103DA00063160900CE248858EFF09FEF22856FC07C
:103DB000CFBD91C74A86A2853E85EF60C06F4A9409
:103DC000E3912AFB9307C003B387F902A6978047C4
:103DD00049BFB77700209387C77E81C91307C00307
:103DE0003307E5023E97584B98C11307C0033305CC
:103DF000E502AA97884F8280EFC28FB40042232049
:103E0000060055C8AA876945D9C91305C003B387F9
:103E1000A702377500201305C57E378A002081442C
:103E2000AA9703AB070393078A8EBC43130A8A8EB3
:103E3000898B99E39304700C9307005C63F487000B
:103E40001304005C931D0401BA8C368CB289AE8BCE
:103E500093DD0D01130D800C0146EE850145EF1039
:103E600090772A8939C948412286DE85232E0A02A5
:103E7000EF606064E6866286CA855A85EF506010FE
:103E8000AA8A4A85EF1050708327CA0399CB85040C
:103E9000C204C180EFF06FD8E390A4FD4D456FC020
:103EA000EFAD63D60A005685EFF07F98CDBF23A013
:103EB00089000145EDB76945DDB74545CDB7EFC28E
:103EC0002FABA147AA840021638AF50263ECB700F7
:103ED00085476381F502894713642400638EF500EA
:103EE0006FC04FABC147638EF500930700041364A6
:103EF0000404EDB71364140080C0DDB713648400BC
:103F0000E5BF48591364040165D9EF201001EDB7EE
:103F1000EFC20FA641119305F1002A89A307010002
:103F2000EFF01FB515C5808793178401E18763D42F
:103F300007021374F4071307C0033304E402B777CE
:103F400000209387C77E3E94232A04022320040284
:103F500041016FC02FA483C7418EE37BF4FE13079A
:103F6000C0033307E402B77700201385C77E93842C
:103F7000C77E3A95544D0D47E39CE6FC8327090123
:103F80000547DD1793F7F70F636DF700C145EFF0B5
:103F90001FF39307C0033304F4022694232804027A
:103FA00075B71C2193E707041CC1E5B737770020DC
:103FB00083C6418E1307C77E8147638FF6001307C0
:103FC000C703032647FC11CEB78700209387878E4F
:103FD000D85713670701D8D7B787002003C5479183
:103FE0008280850793F7F70FC9BFEFC26F98EFF094
:103FF000FFFBB787002023AA07906FC0AF9983C744
:10400000418E6371F5029307C0033305F502B7775C
:1040100000209387C77EAA9798431375F70F118BDB
:1040200098C3828001458280B787002003C58790AE
:104030008280B787002003A5079435810589828097
:10404000B78700209387878E05474111C8CB94DB43
:10405000D0DB8CDFD8D741018280B78700200547AD
:1040600023A2E7928280EFC2AF90B787002003A619
:10407000879383A60182131786016187630B05145A
:1040800083C7C18E61488948338807033698032364
:10409000C800631013150343150083480500032867
:1040A000080022033363130183482500C20833E369
:1040B000680083483500E208B3E86800639B081194
:1040C000E207E1873E856FC0EF8CB3885702B69850
:1040D00003AEC8006319060763170E06139887011D
:1040E00013588841850793F7F70FE3E0C7FE63177E
:1040F000060193F81500FD57E38608FC8989FD57F2
:10410000F1F19377F80F636BC8009377F30F636750
:10411000C300FD57E378C7FA9377F70F61473387FA
:10412000E702BA9623A6060001CD10311821220617
:10413000598E38214207598E38316207518F98C203
:10414000238806000DA863147E040DC9834E150054
:10415000034E0500A20EB3EECE01034E2500420E23
:10416000B36EDE01034E3500620E336EDE0183AEA8
:1041700008006315DE012386F18E99B783C8080114
:10418000E3E2E8F7139787016187468FA1BFE31B3E
:104190008EF415C5834E1500034E0500A20EB3EE36
:1041A000CE01034E2500420EB36EDE01034E3500F4
:1041B000620E336EDE0183AE0800E30EDEFB83C8C1
:1041C0000801E3E1F8F31393870113538341C68F8A
:1041D00011BF3A883A83814F014F8147E1428543BD
:1041E000094421B7EFB23FF798319C21368A220764
:1041F0005D8FBC215441C2075D8FBC31E207D98F6E
:10420000639BF60089E6D9573E856FB01FF80545D8
:10421000EFF08FC5CDBFE5DB2E842A89AA852285E4
:10422000B289EF00D04465F11C300420370500F05E
:10423000A207C58F2420C204C58F2430E204DD8C80
:10424000EF00C07AE98C370500E0EF00207AE38CBC
:10425000A4FAD2852285EFF01FE1AA87E34605FA8A
:10426000E147B307F50203A501823E9589475CC586
:10427000232A2501938759001307950094237D175E
:1042800014B39386F7FF6396F9002308050081476E
:10429000A5BFB687E5B7B787002003A5879303A816
:1042A00001820147E14809430546130EF00E63639E
:1042B000A7008280B3061703C2969C2ACC468507C6
:1042C00093F7F70F9CAA63986500636AFE000507E1
:1042D0001377F70FE9BFE39CC5FEE37AF6FE23A64A
:1042E0000600F5B721CDEFB2BFE8C4412A84DC3423
:1042F000C824A2075D8DEF00606BA167938707104C
:10430000938524016304F5009385E400D835DC250A
:1043100022075D8FFC25C2075D8FFC35E207D98F30
:104320005840B98F1844F98F81EB81461386640099
:10433000B1052285EFF01FEB6FB0DFE582806303EC
:104340000516EFB25FE13A26930790024111B28958
:104350002E8AAA8463E8E7004E85EF10F02241011F
:104360006FB0BFE2032946008347D9000345C90067
:1043700013042901A2075D8D152DA16793870710EE
:104380006304F5001304E900834A14001C2005456A
:10439000A20AB3EAFA00192DE390AAFC834A54005A
:1043A0005C2013054060A20AB3EAFA000125E395F8
:1043B000AAFA834A34003C200565A20A1305058049
:1043C000B3EAFA00E523E399AAF8930AE400114658
:1043D000D6856800EF60200ED44013068400ADC27D
:1043E000183C1C2C22075D8F3C2CC2075D8F3C3C87
:1043F000E207D98F6396F60485466C002685EFF0B8
:104400007FDE054B7C306820A2075D8D4523854704
:10441000630FF5028947E311F5F46C002685EF1070
:104420002033B787002003A70787E30707F29387A6
:104430000787DC47E38207F26C002685829729BF55
:1044400081466C002685EFF0FFD9014B65BFE3057F
:104450000BF00945A12B68A0218168B01146D685D3
:1044600013058401EF6020051146938544005685AD
:10447000EF606004350415099547FD5618207D1935
:104480007D1438B4A300E9003307FA001823FD17A0
:1044900018B0A303E900E393D7FE9C4CCE85268594
:1044A00082975DBD8280EFB21FCB2A89AE8901461B
:1044B0009305A0020D45EF1010127D544DC94041E7
:1044C000AA840545E52148A8218148B89306E90258
:1044D000930754001547938541841386C1837D5506
:1044E00003C80600FD17FD16A38B07013388E500FE
:1044F00003480800A38007033308E60003480800C8
:104500007D17A380070103C81600A3830701E319E1
:10451000A7FC1146930549001305C401EF50B0797B
:10452000CE85114613056402EF50F0780545BD298C
:1045300068A48569218168B413850980852908A844
:10454000218108B813054060952128A8218128B849
:1045500013856980A1298327890148A4218148B452
:10456000A6854A8582972A842685EF10F001228548
:104570006FB0BFC1EFB23FBE2E842A89AA852285C3
:10458000B289EF00D00E01C559556FB01FC01C3065
:104590000420370500F0A207C58F2420C204C58F70
:1045A0002430E204DD8C9921E98C370500E03D29B7
:1045B000E38CA4FC18301C2022075D8F3C20C2072E
:1045C0005D8F3C30E207D98FE1D385452285EFF03E
:1045D0009FA9E34C05FAE147B304F50203A7018262
:1045E000138A018285472697544799EA5CC7EFF002
:1045F000DFA6A2854A85EFF01FEBE38809F831A01A
:10460000E387F6FE7D55E38409FE83270A00094708
:10461000A697D447E39BE6F603A4490013879700C7
:104620001306E902930654008D070C237D17FD162F
:104630008CB20C227D16ECB2E319F7FE056513056A
:104640000580AD268327890148A4218148B4CE8501
:104650004A8582971DBFEFB21FB0AE8441112A89EF
:10466000B94526853284EF10406B631E0510CA855C
:104670002285EF00C07F631505101C3083490400BC
:10468000370500F0A207B3E7370183492400C209C8
:10469000B3E7F90083493400E209B3E9F900B92628
:1046A000B3F9A900370500E0912610201430382016
:1046B0003C30639CA90813958600518D4207598DA3
:1046C000E20785456C845D8D9305E0054C85392EA8
:1046D00041811375F507C88508301C2022055D8DC2
:1046E0003C20C207C98F283062055D8D01262181DB
:1046F000488608301C2022055D8D3C20C207C98FEA
:10470000283062055D8DDD24C8863400C0409547A1
:104710007D5613075400B385F6008C217D170CB32A
:10472000B305F90083C59502FD176CB3E395C7FE89
:104730000565130505809D2C8327890148A42181E7
:1047400048B4A6854A8582970DA8A206D18E420755
:10475000558FE207D98F03274900B98F03278900B6
:10476000F98F99C78327C900715581CB1304C900FC
:104770002686A2854A85EFF0FFDF41016FB0FFA0DA
:104780009386C18361B77955CDBFEFB27F9E444117
:104790002A842E89DC34C824A2075D8D012CA167F0
:1047A000938707106317F5009C388828A2075D8D52
:1047B000F52A9307058091CB85679387678063020D
:1047C000F5042285EF10405C15A8A2854A85EFF01C
:1047D0007FB1DC34C824A2075D8DC92AA167938705
:1047E0000710B9456313F500C945B305B0402285EC
:1047F000EF10A05279F5CA852285A92401456FB032
:104800007F992286930599024A85EFF05FB3FDB741
:10481000EFB21F96B7870020938787885CD19307F4
:104820005006A309F5029307E006230AF502B747ED
:104830000000938767655CC9B75700009387478777
:104840001CCDB785002099472A842304F502232E26
:10485000050019469385159813059502EF50B0454C
:104860009307C05D1EB8930730032309F402014586
:104870006FB05F92EFB2DF8FB1642E8493841435F2
:10488000EFF08FFA118915CDFD1485CCEFE09FCDA7
:104890002A897DD5AA87814401E8CA852685EFE06B
:1048A0007FC801456FB01F8F32244C403E85EF50CA
:1048B00090403A240040BA94C204B307E500C18096
:1048C000E1BF5155C5B7EFB21F89B787002083A755
:1048D0000795AA891385018F9384018F82978C4055
:1048E000A9C983C7518E1384018F93F7F70F81E70E
:1048F0008547A382F18EC2050D46C1810D45444016
:10490000EF10604D2A8915C52A8432244840A685B7
:10491000EF50703A3E240040BE9465F8EFE07FBF50
:1049200083A70901CE854A85829701C54A85EF1084
:10493000A0456FB09F85EFB2BF834111378400203F
:1049400002C202C402C6EF00D07813058495B78571
:10495000002019469385458F13059502EF50B03519
:10496000B787002003A7878E9387878E13058495CA
:104970003AC29847DC433AC43EC623A8019023A616
:104980000190EF10A03837480000B75700007400BE
:1049900030004C001308A87893870781014713055E
:1049A0008495EF10003141016FB0CFFE9317850061
:1049B00021815D8D4205418182809317850021818F
:1049C0005D8D4205418182801357850193178501D2
:1049D000D98FB706FF0013178500758FD98F4167F0
:1049E000130707F02181798D5D8D8280EFB24FF83A
:1049F000EFF09FFD6FB00FFAEFB28FF703A40191B4
:104A0000AA8401EC03A5C19011C5EF10803019C133
:104A100003A4C19022856FB0EFF72285EF10602FBD
:104A200005C198309C2022075D8FBC20C2075D8F96
:104A3000BC30E207D98F5840B98F1844F98FF9DBA1
:104A40000040C1B7EFB24FF04041AA84AE891C309C
:104A50000820A2075D8DEFF05FF6318142054181AC
:104A600091476306F5002685EF10003231A41C3013
:104A70000820A2075D8DEFF05FF419813C30137AB6
:104A8000C5032820A2075D8DEFF03FF3BE242A89DD
:104A9000E3EB47FD9E24E3E8A7FCD2852285EF40A7
:104AA000102371F1CA852685EF10E046370500F026
:104AB000EFF0DFF3370500E0EFF05FF34E89054BD1
:104AC000930B04014A85EF10C02411E563130B1208
:104AD000032909000DA293074900EDDB8326490055
:104AE000F5D618381C2822075D8F3C28C2075D8F39
:104AF0003C38E207D98F6382F604CA855E85852E2D
:104B00000DED1C38834A0401370500F0A207B3E716
:104B10005701834A2401C20AB3E7FA00834A3401E9
:104B2000E20AB3EAFA00EFF07FECB3FAAA00370525
:104B300000E0EFF0BFEBE39BAAF858345C242207B7
:104B40005D8F7C24C2075D8F7C34E207D98FB9C3A7
:104B5000CE851305C400212EE31705F05C34034A0B
:104B6000C400370500F0A207B3E74701034AE40099
:104B7000420AB367FA00034AF400620A336AFA0091
:104B8000EFF0DFE6337AAA00370500E0EFF01FE62A
:104B9000E30BAAECE30909EC03497400682022093D
:104BA0003369A90011657D15EFF05FE03375A90049
:104BB00011C52685ED26AA8461C14041CE85268592
:104BC000EF10604955E91C340824A2075D8DEFF011
:104BD000DFDE1375F50F99476303F50AC5476309CF
:104BE000F50885476312F50ACE852685EF40204EED
:104BF00061A003A901916314390103290900014B44
:104C0000E31209EC1C340824A2075D8DEFF0FFDAF3
:104C10001375F50FC547631EF500B3074401A823BC
:104C2000BC33A2075D8DEFF05FD993074004630D9D
:104C3000F502854A1C340824A2075D8DEFF0FFD7EA
:104C40001375F50FC5476319F508229A83473A0093
:104C500003452A00A2075D8DEFF03FD69307C0768B
:104C6000631CF5064E893DB7E39809F2814AD9B72E
:104C7000CE852685EF30707601456FB06FD0CE853A
:104C80002685EF20D012CDBFCE8513050401C522A5
:104C9000E31B05DC1C3803490401370500F0A207BB
:104CA000B3E72701034924014209B367F900034927
:104CB000340162093369F900EFF05FD33379A90059
:104CC000370500E0EFF09FD2E30FA9D8C0C08945B7
:104CD0002685EF40C06441BBE3910AE669B3EFB2B9
:104CE000AFC6AA894289630F0612AE8AD1453A8AB5
:104CF000B284B68B3E8BEF104002795763110512D8
:104D000003A44900A20B1C340824A2075D8DEFF018
:104D1000DFCA1375F50F33657501EFF03FC91357FF
:104D2000850018B408A4EFF05FC9218142054181D4
:104D300022053365650142054181EFF03FC7983098
:104D40009C2008A422075D8FBC20218108B4C207E3
:104D50005D8FBC30116513050550E207D98F13D75D
:104D600087001CA818B813D70701E1833CB838A8FE
:104D70003365AA00EFF09FC308A0218108B003D5D6
:104D80008900138A818FEFF07FC228A0218128B08B
:104D900003550A0023030400A3030400EFF01FC11E
:104DA00083570A0048A02181850748B02310FA00E4
:104DB00063810A0203C71A0083C70A0022075D8FB6
:104DC00083C72A00C2075D8F83C73A00E207D98FE5
:104DD00099E713074900814719C38327490013D76F
:104DE00087005CA458B413D70701E18378A47CB48E
:104DF00023050400A3050400D1452285EF40206D62
:104E000028A4218128B48357090385C303D78900C7
:104E100063FDE7002686CA854E8585232A873A8565
:104E20006FB00FB64441C104F9BF832749012686FC
:104E3000CE854A858297DDB7EFB28FB301112A8400
:104E400032852ECE36CC3ACA3EC832C6EFF0DFBA33
:104E500009CDC2475247E2463246F2452A882285AA
:104E6000EFF0FFE705616FB0EFB27155E5BF1831A4
:104E70001C2122075D8F3C21C2075D8F3C31E20778
:104E8000D98F9386F7FF75576366D70203C725034B
:104E90000145098B0DC3D841630FF70094453D8F41
:104EA000758F11EB13C5F6FFE98F3385A7401335D6
:104EB0001500828005458280EFB20FA903A4C18F3F
:104EC000C544014B1389C18F19E06FB06FABFD145E
:104ED00093F4F40FFDD87C3C032C040091C7FD171C
:104EE0007CBC228B6284CDB783294400814A03A510
:104EF00049005C315821A207D98F85EF18311C2158
:104F0000514622075D8F3C2193058400C2075D8FC7
:104F10003C31E207D98F5CC0EF50E05985454E85A2
:104F2000EF4020414E85EF108004AA8A4E85EF00A5
:104F3000B0658329440063960902032709001C40D9
:104F4000631CE4042320F900A2851545EF00B04658
:104F50001387A18F1E235A84B38A57412310570108
:104F600049B703A749004E851C33034A0700A2072F
:104F7000B3E74701034A2700420AB367FA00034A2E
:104F80003700620A336AFA00EF00707EAA9A4E85F3
:104F9000EF00905FD28945B72320FB0075B7EFB2D1
:104FA000AF9A44412A899C308820A2075D8DEFF09A
:104FB000DFA019811375C503D1476312F526FC30B4
:104FC000E820A2075D8DEFF05F9FBC302A8BA82000
:104FD000A2075D8DEFF07F9E9C30AA8C8820A207EF
:104FE0005D8DEFF09F9D2A8C4A85EF005078B78742
:104FF000002083A7C79303D7A18F2A8D8D832A977B
:10500000FD8B9389A18F63ECE72003A4C18F814AB4
:10501000138AC18F1DE81545EF00F0372A8463001D
:1050200005207146814513054400EFB06F978D4709
:105030007CBC83270A0023208A001CC05146A68519
:1050400013058400EF50204795ACD834DC242207A8
:105050005D8FFC24C2075D8FFC34E207D98F58486E
:105060006316F70298389C2822075D8FBC28C20778
:105070005D8FBC38E207D98F184C6319F700DC301C
:10508000D4205A24A207D58F6306F720A28A0040B5
:1050900051B7CC4203C8550003C34500220833680A
:1050A0006800637C060D93D5860094A38CB393D5DA
:1050B0000601E182ACA3B4B3630E072A74336C23F8
:1050C000A206CD8E6364D6146362A8149356890039
:1050D0002300270114B3935609011359890134A3FE
:1050E000A3012701782C014B058B630F0718638DF3
:1050F000081858404443D830D4202207558F6315F0
:10510000071894339823A206D98EB8234207D98E64
:10511000B8336207558F61E75E2C03C9040051461E
:10512000D1075EAC9C30930584002685A207B3E7C7
:10513000270103C924004209B367F90003C93400F9
:1051400062093369F900EF5000374A2CEFF01F86EF
:10515000A8A02181A8B023830400A3830400238591
:105160000400A3850400D1452685EF404036A8A45D
:105170002181A8B4032B4400D5A063090609F431AA
:1051800003C36500A206B3E666006361D60801CBDF
:10519000742378332207558F6303E80081489831E0
:1051A00094212207558FB421C206558FB431E206EF
:1051B000D98E2E8765AA935689002300270114B340
:1051C000935609011359890134A3A30127017423BC
:1051D00078332207558FE307E6F0814821B754431F
:1051E000EC23F833DC32D0222207A2074D8FD18F77
:1051F000631AF7029C329822A207D98FB82242077D
:10520000D98FB83262075D8FB68731B74A85EF0014
:10521000105683D709003385A7402390A9004A85FB
:10522000EF009036014B8DA0B1554A85832449008B
:10523000EF00B02ECA855A85EF0030559C3003C967
:105240000400A207B3E7270103C924004209B3679A
:10525000F90003C9340062093369F900E31609FC57
:1052600003270A001C406314E4022320FA00A285ED
:105270001545EF0050145A85EF00704F83D7090091
:105280003385A7402390A9005A856FA07FEF23A004
:10529000FA00F1BFFC30E820896BA2075D8DEFF0CA
:1052A000CFF1FD1B337575014205418101E96A2487
:1052B000EFF0AFF033757501E31205D883D709001D
:1052C0003E9D2390A901FC30E820A2075D8DEFF000
:1052D000CFEE9317250163C2070213153B017C2C07
:1052E0004D810E05135C6C006695137CCC0393E72F
:1052F0001700330585417CAC4AAC83244900BC309F
:10530000A820A2075D8DEFF04FEB9C302A8B882000
:10531000A2075D8DEFF06FEAFC30AA8BE820A207B0
:1053200093DB6B005D8DEFF04FE94E054D81131659
:1053300035003305CB0013FBCB038327490033052E
:10534000654142051357860041815440D8B3135735
:105350008500F8B323800700A3800700238107009E
:10536000A3810700D0A3E8A385480147E39306D2B1
:10537000E31307E423222401B5B3EFA27FDC032C5F
:105380004500011132CA03477C00AA8D03456C0019
:10539000220783DB0503598DAE8CEFF00FE289669F
:1053A000B377D500138ACBFEA146334ADA0283D401
:1053B0008D0009677D173EC63379E500B1144209B7
:1053C000C20413590901C1800144514D3ACC420A2B
:1053D000135A0A0193163A0093970601C1833EC8F7
:1053E0009387DBFE3ECE89E4014505616FA01FD99E
:1053F000E247A68A337BF900B24733EB6701F247F5
:1054000063C6F400C24A8967336BFB000146D1458D
:105410000945EF00501CAA8939C948415146E28527
:10542000EF50600903A64D0083AB49006A9623A2A2
:10543000CD0003D6AD00B306A6412395DD00568D01
:1054400063090D0403D4AD0063738D006A844204C4
:10545000418001E483AD0D00E5B7814509460D4566
:10546000EF007017AA8511E54E85EF00F0117D550C
:10547000ADBF03A64D0002A522A550C14E85EF0089
:10548000D030B3068D40139D0601135D0D01E3136B
:105490000DFC5A85EFF08FD12383AB002181A383CC
:1054A000AB0013854A0142054181EFF02FD02381E3
:1054B000AB002181A381AB00D14523850B00A385DF
:1054C0000B005E85EF40A00003A74C0152462385E8
:1054D000AB002181A385AB00CE8566850297B3849E
:1054E000544152994E85C2044209EF00F009C1802F
:1054F00013590901228DC5BD3C296385B7002CA92C
:10550000A309050082805E2D184DB306F70023889D
:10551000B60E938627008507C207C18356ADBA979A
:105520002388C70E82805A2D1C4D9306170056AD56
:10553000BA972388B70E82805E2D184D13D6850149
:10554000B306F7002388C60E93861700C206C182F1
:10555000BA9613D605012388C60E93862700C20685
:10556000C182BA9613D685002388C60E938647005B
:105570008D07C207C18356ADBA972388B70E8280C4
:1055800015C15E2D184D130630049386170056ADD5
:10559000BA97FD562388D70E5E2D6376F60093F6F4
:1055A000370091E282809386170056ADBA97238820
:1055B000070EDDB7630C0516EFA29FBB032905029A
:1055C000DD5763020916AA8401469305401301457D
:1055D000EF007000232AA9002A87FD5763050514F0
:1055E000834639019387418281E69443850694C3BB
:1055F000404388438547232C89002320A9001CA011
:105600001CB099473CA0A3010400EFF0EFBB9357F7
:10561000850048A05CB09357050161817CA068B00B
:1056200003248901294723040400A304040023055B
:105630000400A305040023060400A30604002307B6
:105640000400A3070400834729016388E700F117DA
:1056500093F7F70F0547636AF700DC205CA4DC30A2
:105660005CB4FC207CA4FC307CB423080400A308B8
:10567000040023090400A3090400230A0400A30A68
:105680000400230B0400A30B0400230C0400A30C50
:105690000400230D0400A30D040083C58402814788
:1056A000414613970701418381466376B7003387EC
:1056B000F400834697023307F40054AF8507E39262
:1056C000C7FE1307C4029307C4062300070005079B
:1056D000E39DE7FE1307C40E238007008507E39DC3
:1056E000E7FE3755826313053536EFF0EFAD93577C
:1056F00085002306A40EA306F40E03268901935702
:10570000050161812307F40EA307A40E231E0900DF
:10571000814713074004B306F6002388F60E850779
:10572000E39BE7FE81473E856FA0DFA6D9573E8504
:10573000828011CDEFA2DFA3005101C8484811C1FA
:10574000A125232A0400232C04006FA0BFA482807B
:1057500063000518EFA2DFA1005163090416382881
:10576000A1476315F71698319C2122075D8FBC2154
:10577000C2075D8FBC31E207D98F18546398E714D4
:10578000AA84B1452285EFF03FD72685EFF09FE24E
:10579000631905120546930550032285EFF0BFD625
:1057A00091452285EFF03FD81146930520032285CD
:1057B000EFF07FD50854EFF06FA3AA852285EFF0B4
:1057C000BFD71146930560032285EFF0DFD3485021
:1057D000EFF0CFA1AA852285EFF01FD61D469305D5
:1057E000D0032285EFF03FD25E2C184C054622856F
:1057F000B306F7002388C60E1386270042064182AF
:1058000052AC9386170083C59402C206C182BA9631
:105810002388B60E93863700C206C18256AC83C574
:10582000A4023A96BA962308B60E1386470042069B
:10583000418252AC83C5B4023A962388B60E938651
:105840005700C206C18256AC83C5C402BA9623086B
:10585000B60E138667004206418252AC83C5D4025D
:105860009D0732972388B60E5EAC83C7E4022308F7
:10587000F70EEFF0FFD04E2C48489385050FC20578
:10588000C181512D034784021C4C4C484840D8A785
:105890000347940203A94400D8B70347A402930620
:1058A000300413860185F8A70347B402F8B723A292
:1058B00004002687EF30805F268523A22401EFF0C5
:1058C0005FE73C3885073CB885477EAC6FA09F8C6E
:1058D0008280EFA2FF891128BD24B787002083A70B
:1058E000078D91C382976FA0FF8A37570020130757
:1058F00037C4719B23A2E190B787002083A7479309
:10590000231107008D07F19B93960701C182BA9777
:1059100016A32302070023A4F1900546D0A396A363
:10592000B6A323A0E190828049C183A74190636E12
:10593000F50683A58190637AB50683A601901306C8
:1059400085FF230E05FE138701906373D60010C3F5
:10595000835685FFBE966304D60203C846006310D3
:105960000802638ED5000C436393B60010C38E22E9
:10597000231CB5FE9622B305F640BE96AEA2835513
:10598000A5FFB386B7006302D60203C84600631EB4
:105990000800032807006313060114C3035785FF9B
:1059A0009AA2035785FFBA97AEA382808D05C205E0
:1059B000C181F199C205C1813147AE8763F3E5002A
:1059C000B1473787002003264793C207C1830D06DE
:1059D000719A6360F60A03A74190636DE50883A698
:1059E00081906379D508930685FF835885FF998E4A
:1059F000C206C182938588FF958DC205C18163EA85
:105A0000F5066389F5063303170103484300631461
:105A100008029385860013880190AE97032E080034
:105A2000C207C18383580300B305F70063166E02F3
:105A30002320B80015A01388470163ED0503938563
:105A40008600AE9713880190C20703230800C18324
:105A5000B305F700E3EE65FC23901501B6A12382A0
:105A60000500231CF5FE96216306D60036973EA35B
:105A700082800145828039C5130735004207418382
:105A8000719B42074183B146BA876373D700B14720
:105A90003787002003264793C207C1830D06719AFA
:105AA00001456362F60203A7019083AE419093859E
:105AB00001903303F640B306D741C206C182615E4E
:105AC00063E46600014582803385DE0003484500BB
:105AD00083580500631708063308DE404698636262
:105AE000F8061383470163626804A107B697C207EB
:105AF000C1833388FE00231018012311D80023022C
:105B0000080085461EA154A1835608006304D600F0
:105B1000F696BEA26319A70083A681908147502301
:105B200001EE91C398C12105828085475CA1DDB754
:105B30001A2385477697E5B7E39CE6FEEDD794C137
:105B4000DDB7C686B5BF83A5818283A6C182B7674C
:105B500000209387F7EA37870020F19B1307079906
:105B60001385060103D805002320070001466318AA
:105B7000C800890611078905E396A6FE828083285E
:105B800007000506420623A0170183D806001CC3A0
:105B90004182C697E9BF9D4763EDA700B787002004
:105BA0000A0593870799AA97884309C5184198C39E
:105BB00082800145828099C993172500378500208E
:105BC000130505993E951C419CC10CC18280EFA232
:105BD0008FD898319C21AA8422075D8FBC212E8406
:105BE000C2075D8FBC31E207D98F5841639FE70040
:105BF00018301C2022075D8F3C20C2075D8F3C308F
:105C0000E207D98FDCC06FA04FD803A5C19101492D
:105C10009309400605C11841DC40032AC500631101
:105C2000F7048545EF00904D9307190093F7F70FA0
:105C300063F7290383A74192C5DF984319CFD44066
:105C4000631DD70014301820A206D98E38204207D1
:105C5000D98E38306207558F98C3DC47F1BF3E8933
:105C600052854DBFEFA2CFD0411132C636C42A842F
:105C7000EFF0FFF53246A246814719CA18321C22BE
:105C800022075D8F3C22C2075D8F3C32E207D98F2D
:105C90001CC4814799CA98329C2222075D8FBC227E
:105CA000C2075D8FBC32E207D98F5CC441016FA08F
:105CB0006FCEEFA2EFCB58CD1387419183480700F9
:105CC0004111232205002324050023260500230972
:105CD00005022320050213831800A30A15032328B5
:105CE00005012A843EC623006700EFF0BFF7B247E4
:105CF0002285829711E993870191984318C080C348
:105D0000228541016FA00FC90144DDBF23A6A190E8
:105D100082800345250305898280AA870145A5C5A0
:105D2000BDC3139605014182328863DB0500330849
:105D3000C040BA27420813580801054563650705A6
:105D4000D427D84381C60D456391A6020D8F938653
:105D5000070105456369D702D8C3BA2701453297C1
:105D6000BAA79A273A9692A78280FD16C206C182E8
:105D70008548054563E9D80063D70500B62763E485
:105D800006010D8FD1BF8280EFA2EFBC01440DCD83
:105D9000AA8501440D498549FE25FD17C207C18327
:105DA000FEA59DE3DC2584411D4563882701FD1781
:105DB000C207C18363EDF9001945EFF0DFDF050489
:105DC0001374F40FA685E9F822856FA00FBC2E8509
:105DD000EFF09FB5EDB7EFA20FB88547630DF50063
:105DE00031C589476306F5048D476305F504014411
:105DF00022856FA08FB98144D104B904C204C18047
:105E00008947B2892E8963E9C70279CA1945EFF03B
:105E10009FD82A8469DD2322050023142501231538
:105E200025012320050023063501B5A0D144E9B79B
:105E30008144E1B78144E9B78D470144E31AF6FA9A
:105E40001D45EFF05FD52A845DD1B3079500CD07DE
:105E5000F19B378700205CC19307C792DC438D0418
:105E6000F19893879703F19B2306350123200500C2
:105E700023142501B38497409309C7926373990053
:105E8000CA84854726A47EA4B30499400D4A22897A
:105E9000854A6347900085477EA4A306040089BF16
:105EA0001D45EFF05FCF09E52285EFF0FFED81B7EB
:105EB00083A7490023164501232005002320A900BC
:105EC0009387970306A5F19B63F3F400A687130756
:105ED00005013EA558C1231755019D8C2A8955BF40
:105EE0009387350013853401F19B71993E954205E6
:105EF0004181EFF05FB82A84E30B05EEAA94CD044C
:105F0000F19844C123142501231525012320050000
:105F10002306050049B71E2563FAF504EFA24FA535
:105F20002A84AE84B387F5402E2463E995025C246D
:105F300081EF638B95004C402285818DA695C2052B
:105F4000C181EFF0BFA62A84084026A406A419C187
:105F5000EFF09FE3232004006FA0CFA31A248D8CC1
:105F6000C2043E971AA4C18000407DBF8280814751
:105F700019E13E858280850793F7F70F0841CDBF71
:105F800001C57E2585077EA5828009CD99E18280A5
:105F90003A859E2516251841B697C207C1831EA5CE
:105FA00065FB0CC18280EFA2AF9C2E84EFF0FFFD59
:105FB0002285EFF0FFFC6FA0EF9D3DCDEFA2AF99E2
:105FC0002A84AE845955ADC51A249E256362F7060E
:105FD0000149014A8359A400BE24B3894941B387CA
:105FE000274163C9F904939907014840CC4093D9EC
:105FF00009015295CA954E86EF40E04B4E9A3E24D9
:10600000420A4E994209135A0A011359090163942D
:1060100047010040014ABE246365F900844099CCE1
:106020000149BA249E246316F7029C409DC35D5526
:106030006FA0AF95C20955BF5955828009C8014963
:106040003A241E246314F7001C40F5F3C1F4014503
:10605000C5B77DF441B7EFA20F9003294500AA8987
:106060008347990003458900014AA2075D8DEFE04F
:10607000DF94937AF50F03A4819131099384819180
:1060800001E401456FA06F901C28014563945703FC
:106090005C488DC3084CCA864E86A285829719C972
:1060A00063080A005C442326FA009C4080C05CC45C
:1060B000054581495C44228A71F53E84D1B7814708
:1060C00099C998319C2122075D8FBC21C2075D8F41
:1060D000BC31E207D98F1CC101458280814799C933
:1060E00098319C2122075D8FBC21C2075D8FBC3196
:1060F000E207D98F5CC1014582804CC910CD8280F6
:10610000EFA20F87AA840145EFF0FFA82A8411CDE2
:1061100071468145EFA0CF88930700F83CB4938780
:106120008191984304A880C358C422856FA08F86AC
:1061300083A6C19103A6419383A5419203D54183D0
:1061400093874183130715001315070113180701DF
:106150004181635308000565368719E7328719EBDB
:106160002E8719EF8AA382800358C701E30CA8FC8D
:106170005847E5B70358C701E306A8FC5847C5B719
:106180000358C701E300A8FC5847E1BF1C496396C8
:106190000710EF925FFC4111AA84328411E62EC6EB
:1061A000EFF01FF9B2452A8403A7419231E703A714
:1061B000C19125EB83A90192138901924E8759E77A
:1061C00083A74193CDEB85C198319C2122075D8F38
:1061D000BC21C2075D8FBC31E207D98F89C7114648
:1061E0002685EF40402DC2AC23A634012320990020
:1061F000014541016F907FF95E2F63928702104342
:1062000059CED1CD94319C21A206DD8EBC21C2078E
:10621000DD8EBC31E207D58FD9C36302F60858473B
:1062200071B75E2F63928702104335CAADC99431AE
:106230009C21A206DD8EBC21C207DD8EBC31E207A7
:10624000D58FB1CF630DF6045847A5B75E2F639283
:106250008702104329C6A1C594319C21A206DD8E78
:10626000BC21C207DD8EBC31E207D58F8DCB630820
:10627000F6025847A9B7DA2F631F87009431982197
:10628000A206D98EB8214207D98EB8316207558F40
:1062900094436386E600DC4735B74D5582805555FB
:1062A00089BFAA870358C5021459D23B0C5583D81D
:1062B00007043305D84005822E95328763F3C80062
:1062C0004687420741833307E5406345070023972C
:1062D000070382803387D5406356E0002397070287
:1062E000014582808D8EF6B7E5BFEF927FE85E357F
:1062F0002A84BE95C2055E39C1814EB563F3B700ED
:106300005EB52285EFF0FFF95E388983634BF500B7
:1063100083476402228593E727002303F402EF20DA
:1063200080206F903FE7EF92BFE44111014409CD17
:10633000AA854841014411C52EC6EFF0FFA4B2451D
:106340002A841145EFF03F87228541016F909FE439
:10635000EF921FE2014401E522856F90BFE3044103
:10636000EFF07FFC2A941374F40F2685EDB7EF92BB
:106370003FE041112AC61145EFF0FF812A8401C98F
:10638000B2455146EF4020134840EFF07FBF2285D1
:1063900041016F903FE00CCD8280232EB5088280B2
:1063A0001C4905476374F70429476381E704EF92AA
:1063B0003FDC2A840325850809C5EFF0FF9C2324D0
:1063C000040803254408FD577EBCEFF07FF8685CA5
:1063D00023220408EFF0DFF703250408EFF05FF74E
:1063E000232E0406232004086F90DFDA8280EF92C8
:1063F0003FD5B78400209387848E1387819203CC86
:1064000087011C43BD6A850703ADC1911CC31309F5
:106410006006014A9384848E138481929389C1918A
:106420008D4C938ACA7E138B4185631A0D0003A499
:10643000419393844193631904246F903FD47D1951
:106440001379F90FE30B09FE03462D0583260D0191
:10645000854D6302CC02834D0D0B63840D10032721
:10646000CD0AB306BB0183C6F6FF05072326ED0A56
:10647000637CD70C814D03270D019946631DD7001E
:1064800003268D031440918E904C6376D60093873B
:106490001D0093FDF70F83568D00814BA18A95CE89
:1064A00091466305D7009D466319D70283284D0A9C
:1064B00083268D0A03250D0ACC4CB386D8021040E2
:1064C00003278D03198EAA96B3D6B60263FCC610B5
:1064D00093871D0093FDF70F854B03254D0805C1DC
:1064E00003278D0314401946998E03170D053307B2
:1064F000C70263E6E600EFF0BFE523220D0803279D
:106500000D016314971183268D031840158F944C49
:1065100063E8E61063960D108347CD030347DD0360
:10652000850793F7F70F230EFD0263EBE700832740
:106530008D09230E0D02639207146A85EF10B07E59
:106540006A8A032DCD00D5B523260D0A1947636647
:10655000B70193871D002308FD0A6A85EF20C05A02
:1065600011BF0317ED03634507000507231FED0265
:1065700003270D08E30007F08315ED0303170D054E
:10658000E35AB7EE63F4DC020317CD048316ED047F
:10659000B1470D8736979376F60F63F3C700B14680
:1065A000D69694223317D7002318ED048356AD05F1
:1065B00003574D06231F0D0263F3E600368742079B
:1065C000418383560D040583231EED046376D700B3
:1065D00013971600231EED04231DDD046A85EF20AA
:1065E000803B51BD03471D0B814B330717032A978F
:1065F0003357B702E373C7EE6A85EF20004B0347BA
:106600001D0B0507A308ED0AC9BDA546E314D7F085
:1066100003278D031440998E984C0607E37CD7EE30
:106620006A85EFD0FF8E6A85EFF09FD78327CD0074
:1066300063020A042326FA008327CD0989C70325AC
:106640008D01ED558297638F0B0083574D020357E1
:10665000CD0183258D0203250D0693064D006A8624
:10666000EF20E022832BCD00EA850945EFF0AFD47F
:106670005E8D65BB23A0F900C1B703258D01EA85B6
:106680008297E30C05EA6DBD2285EFD07F882285D5
:10669000EFF01FD10329C400A285094523A02401DE
:1066A0004A84EFF04FD141BBEF929FAC1C412E8446
:1066B0006390B704DC451CC1232604002285EFF05B
:1066C0003FCE1C4829476381E7020547638EE700F8
:1066D0008347640213F7170001CB93E727002303D6
:1066E000F4022285EF103064232804006F909FAAE3
:1066F00023A8F19281461387019389E7D5DE2320F1
:1067000007005DBFD0476317860091C21CC3584481
:10671000D8C75DB78546B287CDB71C491D476365AD
:10672000F70AEF92FFA43D678A071307C77CBA9761
:106730009C432A848287EFD0AFFD138701921C43CC
:10674000639987005C441CC323260400A285094585
:106750003DA823A8F19281461387019389E7EDD6DE
:1067600023200700D5B7D0476317860091C21CC30A
:106770005844D8C7D1BF8546B287CDB7EFD04FF9BF
:10678000A28513854192EFF03FF2A2850D45EFF00F
:106790008FC2014531A8EFD0AFF7A2851385C19113
:1067A000EFF09FF065B78545EF10904F954701C911
:1067B0006F905F9E8545EF10B04E7DF9A5471CC8D0
:1067C0002285EF105056F1B701458280EF925F9A13
:1067D00041112E8511CE0E2632C6EFF01FB1324682
:1067E0003285EFF06FDA81473E8541016F909F9AC5
:1067F0008147FDFAEFF07FF2AA87FDB7EF925F972E
:1068000003A4C1919304500619E06F90BF9803262A
:10681000840819CA832704098146A2858DCF084CB4
:10682000829719E123240408FD1493F4F40FF1DC9A
:106830008347640213F7170009CF93E72700230368
:10684000F4022285EF10304E83476402F19B23034C
:10685000F402404455BF0145EFF05FF7D9B7EF921E
:106860003F91EFF0BFF91387C1921C23850793F77F
:10687000F70F1CA3858B99C3EFF07FB76F909F91A3
:10688000EF921F8F03A4C19193045006014901E4C4
:106890004A856F903F900326840819CA832704090C
:1068A0008146A285B1C7084C829719E123240408C8
:1068B000FD1493F4F40FE9DC8347740285CB03479E
:1068C0006402937617009DC2FD1793F7F70FA30399
:1068D000F4029DE3136727002303E4022285EF10EF
:1068E000904483476402F19B2303F402404445B77C
:1068F0000145EFF0BFED55BF0509CDBFEF92DF8435
:106900001849A94741112A84631EF700AA851385F7
:106910004193EFF07FD9A2850945EFF0CFA941015E
:106920006F901F861C412E8B032905063EC65C41D5
:1069300083298502035AC5013EC4835A4502832434
:10694000C509832B8501EFD0AFDC1385C191A285EA
:10695000EFF09FD50325040819C1EFF07F9F685C15
:1069600019C1EFF0FF9E0325440819C1EFF05F9EA7
:10697000A2850945EFF02FA481C4ED555E85829470
:10698000E30F0BF8D687528734007000CE854A8516
:10699000EF10F06F69B793870183884303A7819253
:1069A0003A9588C38280EF920FFB2A890945EFF060
:1069B0008F9EB78400209384C4922A8425E19C484A
:1069C0008983858B89E7014422856F900FFC83A71B
:1069D000419303A681920145814693898192F1E713
:1069E00001C58545EFF09FF10945EFF0CF9A2A8464
:1069F00015E583A7C19103A509007D191379F90F46
:106A00001306F0078145DDEB09C485452285EFF0CB
:106A1000FFEE0945EFF02F982A8455D51306400B59
:106A200081452285EF90CFF7930700045CA89C4432
:106A3000231C040613078021231BF4065E385EB472
:106A40007EB4E1773EA4DC406374F70093078021B5
:106A50002310F404C1677D577CC485472318F404D0
:106A60007ABC231DF404EFF01FF383A7819268D44E
:106A700028D01CDCB76700009387C77C2328F40864
:106A8000B787002003A7C78D9387C78D68C82320C9
:106A9000E40AD8439C4728D8230E04022322E40AA0
:106AA0002324F40AA308040A05B7985F3307E640D5
:106AB0006364D700BA863E85DC4715B7D42B636C78
:106AC000D900636AD600985F3307E5406365B70075
:106AD0003686BA853E84DC473DB7EF926FE91305F1
:106AE0000004EFF05FEC6F90EFEAEF926FE82A841A
:106AF0002E85EFD07FF011CD1E3981CF938787FD92
:106B00003E87C207C1836373F40022871314070111
:106B1000418022856F900FE8EF928FE503A44193A7
:106B20009384419319E06F90EFE62285EFD04FBE3A
:106B30002285EFF0FF860329C400A285094523A022
:106B400024014A84EFF02F87F1BFEF92CFE01C4978
:106B5000AA842E8AC827DC37A2075D8DEFD0FFE517
:106B6000058929E94169130909FC03270A0103A6DC
:106B7000C194DE2454334C23B297A206D58D7423DE
:106B8000C206CD8E6C33E205D58D8356CA00AE9613
:106B9000B386D74063D506028D8F6359F000918D7F
:106BA000C205C840C181CEA4EFF0EFB623A04401D6
:106BB0006F90AFDD5285EFF0AFF9014AC5BF5C378A
:106BC0004827A2075D8DEFD05FDF058915CD9C4872
:106BD000C037C8272204498C4A85EFD03FDD9C4846
:106BE000698CC827DC37A2075D8DEFD01FDD1375D8
:106BF000E50313651500EFD07FDB9C48418D42050E
:106C00004181C8A72181C8B703240A005285EFF04B
:106C10008FF145D4228A91BFEF920FD383C7C193DE
:106C20002A84C18B1389C194F1C783250900385583
:106C30008356450670553305B74083A781939384E7
:106C40008193634405026316B7003307F640634E31
:106C50000700631EF60203A5419578350348E50059
:106C600022073367070163F4E60203A541957835EF
:106C70000348E5002CD42207336707012312E406FA
:106C80007CD411C70347040B19C32308040A6C48BA
:106C90003387B7406342E02A03D78195231A04065D
:106CA00063190728035744066854B2962A9763125B
:106CB000D7280317E403634E0726639CF526834712
:106CC00084050D47850793F7F70F230CF404637CC5
:106CD000F7240357A40583570404BA97C207C18356
:106CE0006374F700231DF4047C5C639F07367040D7
:106CF000631A064003D68195832709001454138A2A
:106D000081956306067EB385F6401387F5FF634BD6
:106D1000074605471D8F118F36976345E046B789B3
:106D200000209387099BC443139705014183BE2428
:106D30009389099B63D3B7449E24998FC207C1836B
:106D4000BA246346B742B305B040C205C185268563
:106D5000EFE0BFFCDC4083D6C9000327090023A471
:106D6000F9001C5436971D8F2396E90003A70901EB
:106D700093D687002320F9005CA354B393D6070170
:106D8000E18374A37CB3832609001854B387E640DB
:106D900063CB0774523493871600998F918F6344A5
:106DA000F0746390E65CB78400209387049B83D9DA
:106DB000C7009C4B9384049BC827DC37A2075D8DDA
:106DC000EFD0BFBF0D893335A0004E9542055E342C
:106DD00041812310AA0063FDA7089C48C827DC371F
:106DE000A2075D8DEFD07FBD058931C19C4883C965
:106DF000D700C827A209B3E9A9004165130505FC1E
:106E0000EFD0DFBA9C48B3F9A900C827DC37A20746
:106E10005D8DEFD09FBA1375E503EFD03FB99C4865
:106E200033E5A90042054181C8A72181C8B75E3476
:106E3000DEA49C48C827DC37A2075D8DEFD0FFB7E2
:106E4000098901C5DE24FD17DEA4CE24C840EFF079
:106E50008F8C9C4883D9C400C827DC37A2075D8D7E
:106E6000EFD0BFB50D893335A000AA9923103A01A0
:106E700083274408638D07329C48C827DC37A20764
:106E80005D8DEFD09FB3058963100532832A4408D6
:106E9000416B130B0BFC0325090003570A002A97CB
:106EA00063800A0803A60A014C325422A205D58D3C
:106EB0007422C206D58D7432E206CD8E83D5CA0007
:106EC000B695B305B74063D90532158F635AE00410
:106ED00083274408984B5C335423A207D58F898FAE
:106EE000DEA49C48C827DC37A2075D8DEFD0FFAC3D
:106EF000098901C5DE24FD17DEA4CE24C840EFF0C9
:106F00008F819C4883D9C400C827DC37A2075D8DD8
:106F1000EFD0BFAA0D893335A000AA9923103A01FA
:106F20002322540969A4E391E7DC2285EF10D031D4
:106F300065BB230C04044DBB3450B386D740634279
:106F4000D0128346640213F6460001CAED9A230369
:106F5000D4028356C405231DD4048316C4040356E7
:106F6000E40442078D86B2962318D404835664073E
:106F70004183231AE4063697231BE40618487CC88D
:106F800023090404230C04048D4763F1E70203572B
:106F9000A4058356C405835704046376D702BA97C1
:106FA000C207C1836374F700231DF4048327040818
:106FB00085E383270408230E040293B71700B30761
:106FC000F0407EBC15B3B387F702B3C7E702C1BF79
:106FD000984B48335C2322055D8D7C23C207C98F03
:106FE000683362055D8DEFD07FA083270408AA89EE
:106FF00003DAC7009C4BC827DC37A2075D8DEFD0B2
:10700000DF9B9C400D893335A0005295B389F94030
:107010004E95E340A0FA8329040883A709002320A2
:10702000F4088357440785C383A70901C827DC37C1
:10703000A2075D8DEFD07F98058911C5835744075E
:10704000FD17231AF40603A54900EFE05FF283570A
:1070500084073385A740231CA4064E85EFF0AFAC10
:10706000B1B7231A040649B1984B83A904004833E9
:107070005C2322055D8D7C23C207C98F68336205BE
:107080005D8DEFD0BF967C5CAA8AB389594103DA43
:10709000C7009C4BC827DC37A2075D8DEFD0FF915E
:1070A0000D893335A0005295B389A940E3C109C4C5
:1070B0009C403850998FE34CF0C28329C40783A7C2
:1070C00009007CDC8357440785C383A70901C827CF
:1070D000DC37A2075D8DEFD05F8E058911C5835720
:1070E0004407FD17231AF40603A54900EFE03FE823
:1070F000835784073385A740231CA4064E85EFF0F1
:107100008FA2DDB63C449840998FE3D507BE831625
:10711000C40403D78192420693D536404182C2050A
:10712000C181B307C7408D8FC207C1831395070183
:10713000B697C207C18741852316F404635705003B
:10714000198E2E961315060141858316E4048D874A
:107150002322040413D726403387E6402A974207A8
:107160004183BA972317E4042318F40461B69EA45C
:1071700023950400998D8440E1B63307E0409315D0
:107180000701E9B6958FE3D007C0834764022285E3
:1071900093E727002303F402EF10E038EDB61C411B
:1071A0002322F408EFF02F98032544086DF9835645
:1071B0000A005E34032709002285958F369718D47C
:1071C0005EB4EFF00F8EDC409A2709C723A2F1943A
:1071D00023A204009C48C827DC37A2075D8DEFD0AE
:1071E000CFFD058919C593878194982313670702FA
:1071F00098A3914A1D4B39AA5C364826A2075D8D9B
:10720000EFD0AFFB058935C59C48C827DC37A207FE
:107210005D8DEFD08FFA098929ED9C4883C9D7008D
:10722000C827A209B3E9A9005A85EFD02FF89C48D6
:10723000B3F9A900C827DC37A2075D8DEFD0EFF7BF
:107240001375E50313651500EFD04FF633E5A9007C
:107250009C484205418113578500C8A7D8B783D9F8
:10726000C400EFD08FF50D893335A000AA99231003
:107270003A0183A90A005685EFF0EF8ACE8A21B938
:107280002320F9005C37482783DBC400A2075D8D0B
:10729000EFD0AFF21C540D893335A0005E953E95BA
:1072A0009C4808D483DBC400C827DC37A2075D8D67
:1072B000EFD0AFF05E340D893335A0005E95338595
:1072C000A7404AB42285EFE0DFFDCC409E2589CB64
:1072D00093874194884335CDEFE03FCB23A2040050
:1072E0009C48C827DC37A2075D8DEFD00FED0589DC
:1072F00001CD138781941C2393E707021CA31C482C
:1073000063945701232864019C4026852322F408B6
:10731000EFF06F818324440899CC984854335C2360
:10732000A206DD8E7C23C207DD8E7C33E207D58F7B
:107330001454E387D7F48347640213F7170001CF8F
:10734000F99B93E727002303F4022285EF10A01D89
:1073500039A08CC361B793E717002303F4026F8051
:107360003FE22285EF1020158324440891E83785F9
:1073700000201305059BEFE09FFF2322A408C5B75B
:107380000327090081491308F7FF130517009048E8
:1073900054325C22A206DD8E7C22C207DD8E7C3256
:1073A000E207D58F639CE702378500209307059B92
:1073B000DA27DE24E3F5E7FA1305059BEFE03FFB50
:1073C00059DD638A090023A0A900A685EFF0EFF735
:1073D00079B7B6846DBF2322A408C5BF63900902A4
:1073E000B306F74063DE0608378500201305059BCA
:1073F000EFE0FFF72DD52322A408C1BF83A8090120
:1074000083C5580083C64800A205D58D83C6680091
:10741000C206D58D83C67800E206CD8EB306D8406D
:1074200063C00606B306F540634CD00437850020E0
:107430001305059BEFE0BFF32A8415D103A70901CB
:107440005C334C23A207DD8D7C23C207CD8F6C33C8
:1074500003D7C900E205CD8F832509003E970D8F24
:10746000635BE0009D8DC20503A54900C1812396A1
:10747000B900EFE05FAA23A08900A6852285B9B7ED
:107480009440A689B9F6B307F740E35AF0EC5C36AE
:107490004826A2075D8DEFD04FD20589E31105EC98
:1074A000378500201305059BEFE07FEC88C0E308DB
:1074B00005EA98485C334C23A207DD8D7C23C20784
:1074C000CD8F6C33DA24E205CD8F832509003E97FA
:1074D0000D8FE356E0E89D8DC205C840C181CEA462
:1074E000EFE07FA3ADBD2285EF00F07C8DBD33873B
:1074F000D740634807005A348507958F998FE3502A
:10750000F0E68347640235BDEF829FC693844195C0
:1075100003A904002A848347D9000345C900A207B0
:107520005D8DEFD08FC9318142054181954763FC64
:10753000A7029C405109C827DC37A2075D8DEFD018
:10754000CFC7B787002003A6079331816D150A05C1
:107550004205931506014181C1818147054889484B
:10756000114363E4A7006F80FFC2B306F9009822BD
:10757000630907016DDB630A170198326DD7BA976B
:1075800011A08507C207C183E9BF9832E31D67FCDC
:1075900013873700E359A7FCB822B4322207558F6E
:1075A0006363E60011E32E871AA09107E1BFEF8223
:1075B0003FB94041AA8B1C3008204111A207138912
:1075C00001945D8DAE8923208900EFD00FBF832702
:1075D000090019811375C5032A9488239C3323AAB3
:1075E0008194A2075D8DEFD04FBD9355650093F553
:1075F000C503B305B0405E85EFE02FF211E503D778
:107600008B00CD4763E8E7005E85EFE0EFF74101CF
:107610006F80DFB6138B019403250B00CE854105E7
:10762000EFD0FF8475F103270B00370500F01C3BFA
:10763000002BA207C18F202B4204C18F203B620484
:107640005D8CEFD0AFBA698C370500E0EFD00FBA90
:10765000E30CA4FA83250B0003D78B00994613860D
:1076600005015E85B105EF10F05559FD93844195F4
:107670009C40C827DC37A2075D8DEFD00FB4318165
:10768000F155B305B5025E85C205C185EFE0EFE8AF
:1076900025FD80401C300820A2075D8DEFD0EFB1A2
:1076A00008A0218108B080403C302820A2075D8DD1
:1076B000EFD0AFB028A0218128B0804048305C20B6
:1076C00022055D8D7C20C207C98F683062055D8D03
:1076D000EFD0CFB1935785005CB0935705017CA0E4
:1076E0009357850148A07CB0804023A6A194938A3B
:1076F000C19408341C2422055D8D3C24C207C98F27
:10770000283462055D8DEFD06FAE935785001CB4B1
:10771000935705013CA49357850108A43CB48040CD
:1077200023ACA192138981937C346824A2075D8DD8
:10773000EFD0AFA89C4068A4218168B4C827DC378B
:10774000A2075D8DEFD06FA71378F50F83D88B005C
:1077500093753800B335B000C69503A3C191C20537
:10776000944003260B009377F803C181238EF19296
:10777000239CB1941A840145938CC193138C8195F9
:1077800001E403A54193E9A29C3203CE06005A30DE
:10779000A207B3E7C7016312F70EBC3203CE26007F
:1077A0005A2CA207B3E7C7016319F70C58365C26B9
:1077B00022075D8F7C26C2075D8F7C36E207D98F5A
:1077C0005840631CF70A183A1C2A22075D8F3C2A8E
:1077D000C2075D8F3C3AE207D98F1840631FF70854
:1077E00019C55C4423AE81905CC52326640003A7C1
:1077F0004B00B78D00200326840893870D9B23A29E
:1078000001942384019423A007002396170198C7AD
:1078100023A2770194CB138A8194138D4194938D85
:107820000D9B09CE832704098146A285638A072C14
:10783000084C8297E31A05DC2324040883C70C0054
:1078400023A8819413F74700938B0195630D0730AC
:1078500018488947631AF72A385083270900631F9D
:10786000F72A83470A0093E787002300FA0083473B
:107870006402F99B2303F40255A42285404409B70E
:1078800098329C2222075D8F5E316392E70C83C899
:107890003600B822A208B3E8E8005A2D6319170B86
:1078A0000343D6008348C600220333631301834891
:1078B000E600C20833E368008348F600E208B3E854
:1078C000680003234500631413090343160183482A
:1078D000060122033363130183482601C20833E300
:1078E000680083483601E208B3E868000323050016
:1078F000631F130593764800E39806D0937628001B
:107900008DC603A80A001455B306D84063C6060204
:107910008358C502B38616416340D0029306C60061
:10792000C295410603250900F1A8137818006305E4
:10793000080083A781921CDDE38805CC834765029C
:1079400093E727002303F502EF00F03D75B94845A2
:1079500005F903A341923E8E1A8A63130A04DC36AA
:10796000C826A2075D8DEFD04F851189E31E05C89B
:10797000944003260B0003550C009C32B83283C898
:10798000060003C8260083A50A00A2072207930663
:10799000C600B3E71701336707014106AA9559B737
:1079A00083280A00638E0800183A1C2A22075D8F7C
:1079B0003C2AC2075D8F3C3AE207D98F639EF812DA
:1079C000B832BC2222075D8F8357CA016396E71243
:1079D00001C98327CA0023A241935CC523266A00FC
:1079E000937708019DC39C3283C8060003A80A0050
:1079F00003250900A2079306C600B3E71701410655
:107A0000C2950505EF00B06801B113782800E30DB9
:107A100008BE03454A01EFE01FF92A84E30605BECC
:107A200083270B0001479386070199CA943B982B43
:107A3000A206D98EB82B4207D98EB83B6207558F64
:107A400018C00357CA019386C7005AAC014799CAA8
:107A5000D437D827A206D98EF8274207D98EF8370F
:107A60006207558F944058C0130504049C32982235
:107A7000A207D98F03A70A005EB08D471CC89307E1
:107A800017001CD41CD8FC36F0267D17A207D18F16
:107A90002312F406231EF40483278A0138D41CCC55
:107AA000B787002083D707935EB47EB483270A028A
:107AB0001CD083578A0093F797191EA483A7C191FE
:107AC00023AE81905CC4EFF03FA4035504049305FA
:107AD0004400EFF08F812310A40485470147C94675
:107AE0000146814522858D2B11C581452285EFE018
:107AF000FFE019BE228589BD5285032ACA00B1BDA7
:107B00000145EFE0BFCC3DB383A70A001854998F1D
:107B100063C607005A34998FE355F0D483470A00AF
:107B200013F787006300073E9305F1002285EFB04D
:107B30003FF485476316F500184889476301F71C31
:107B40002285EFC0EFBC8327C40981C7084CE955E3
:107B50008297A2851385C191EFE01FB5A2850945E3
:107B6000EFE06F8569AA898B85C31C480547F91723
:107B7000637CF70083476402228593E72700230391
:107B8000F402EF00501A59BF83A78192A308040A98
:107B9000130504041CDCEFF03F971C481D47F91740
:107BA000E36EF7F63D678A071307C77FBA979C43D2
:107BB000828783C70C004947C98B6392E70C8327F0
:107BC0000408984B48335C2322055D8D7C23C20753
:107BD000C98F683362055D8DEFC05FE183270900BF
:107BE0000505631EF5088357640703A70A00944040
:107BF0008507231BF4069307170068C81CD41CD8FC
:107C0000FC36F02603550404A207D18F7D172312FA
:107C1000F406914738D41CC893054400EFE0FFEC0C
:107C2000A947B307F5020357A4052310A404231E94
:107C3000F40485476315F700060542054181835723
:107C40008407231DA40403250408FD17231CF40640
:107C50001C4123090404232204042320F40893B7BD
:107C60001700B307F0407EBCEFE0EFEB8327440939
:107C7000E38207F0084C0146A2858297E5BD83C7E1
:107C80000C00C18BE38C07E8944003550C0083A5DE
:107C90000A009C32B83203260B0083C8060003C8D2
:107CA0002600AA9503250900A20722079306C6000D
:107CB000B3E71701336707014106EF00503DB9BD37
:107CC00083C70C0013F7070169C70325090078482B
:107CD0009307F5FF998F63C607083C50B307F5403B
:107CE0006341F00891471CC81C508DC7084C0146E1
:107CF000A285829705C185452285EFE03FC003A597
:107D00004D0023A00B00E3040590EFE0EF8723A2D2
:107D10000D00F5B822858354A405EFE0FFEF8357EB
:107D2000440781C7FD17231AF40605478357040447
:107D30006395E4008607C207C183231DF4048347CB
:107D40000A0093F70702E38B07DC8347640222856E
:107D500093E727002303F402EF00E07C9D471CC853
:107D600075BB944003260B0003580C009C32B832BC
:107D700003C3060083C8260083A50A00A2072207C2
:107D80009306C600B3E76700336717014106C29543
:107D90002DB7898BE38407D81C5403A70A00FD176D
:107DA000E39EE7D62285EF0070428DBB2285EFE08F
:107DB000BFE671B72285EFE03FE683470A0093F7FD
:107DC0000702C1C303C70C0083476402418B93E7DA
:107DD00027002DC3345003270900639DE6042303C5
:107DE000F4022285EF0020742285EFE06FDB83A789
:107DF000C191631DF4005C4423AEF190A9471CC8F7
:107E000003A7419323AA819258C409BB23A8F192E6
:107E1000814689E7E5D623A80192CDB7D0476318FC
:107E2000C40099C223A8F1925844D8C7C1BF85465F
:107E3000B287C5B72303F4022285EF00C06EA147C5
:107E400039BF83C70C00C18BE38A07CC3850832726
:107E50000900E315F7CC994719B72285EFE0DFDB7E
:107E600083470A0093F70702E38A07CA834764023D
:107E7000228593E727002303F402EF00C06A2285DE
:107E8000EFE00FD283A7C191E307F4F623A8F192A4
:107E90008146C9D3D047E306C4F88546B287D5BF2B
:107EA0002285EFE07FD783C70C00C18BE38807C62C
:107EB000385083270900E313F7C62285EFE04FCE41
:107EC00083A7C191E309F4F223A8F1928146B9D3C3
:107ED000D047E308C4F48546B287D5BF2285EFE0DA
:107EE000BFD383C70C00C18BE38A07C238508327F6
:107EF0000900E315F7C283470A0093E7070123004F
:107F0000FA0029B9C18B89C72285EFC06F8091B172
:107F10000356440719C68327C40881C7084CA285A5
:107F2000829703260D000DC683C70C00A18B89C75D
:107F30005C3693E717005CB6832704098146A28567
:107F400095CB084C829709C583270D002324F4089C
:107F500083470A0093F7070289CB832704098146E8
:107F60000146A28581CF084C8297228523A00B0071
:107F70005D2B71B30145EFE07F85F1B70145EFE07F
:107F8000FF84E5B7EF82CF9E2A894A2D41112E84C6
:107F900032C6EFC0BFA108A0218108B00355490235
:107FA000EFC0DFA0324628A0218128B09357860079
:107FB0000325890250A05CB093570601618270B01E
:107FC0007CA0EFC07FA09357850008A41CB4443464
:107FD00093570501618128B44824A2043CA4C98CAC
:107FE0004165130505FCEFC07F9CE98C4145EFC05E
:107FF000FF9B458D4205418148A4218148B403552A
:10800000E902EFC0BF9A8357E90268A4218168B4EE
:10801000231BF9025C34482423090400A207A309A6
:1080200004005D8DEFC07F9995671375F5035D8D35
:10803000EFC0DF970357E9028327890248A4218113
:1080400048B423080400A3080400BA972328F902BF
:10805000228541016F800F94EF828F8E79712EC639
:108060003ACA2A89B28A368BBE8D01EE93F7360062
:10807000B3E7FD00595A91C38DC1528545616F80A8
:10808000EF8F8357650763FAC700834769027D5AFC
:1080900093E707F82303F902CDB793972D0013F761
:1080A0002D00918BB14611E38146B6973EC28327DE
:1080B0000907378D00201307CD923EC41C47584353
:1080C000835489078A07B3D7E702130DCD92E3FEE5
:1080D000F4FA41679306C7FFE3E996FA92473082C4
:1080E000130707FC898393F7F70F950732C85246A9
:1080F000B207C2073AD2B24C13170B01C183058AEB
:1081000041833ECCD68B8149814732CE36D03AD49A
:10811000035A09041247330AEA4063D34B015E8ACB
:1081200011453ED6131C0A01EFD0FFA6135C0C01CB
:108130002A84630605182320050023220500638492
:108140000914B25788C3F24763810714C247014636
:108150000145B305FC00C205C181EFD0DFC748C0AF
:10816000630F0514EFD0BFE0B247AA94C204C180E8
:1081700081CF5C40E685C843C167FD173376FA00BE
:1081800092473E95EF2020335C40DC431CC483279C
:108190008D0003274D008A07B3D7E70263E19712EA
:1081A000825763EE9710484023168401D145EFD0E3
:1081B000DFB6631605105C400355C901B38B8B41D4
:1081C000DC43C20B93DB0B011CC83ED6EFC00FFE95
:1081D000B25788A3218188B31C48035549023ED673
:1081E000EFC0CFFCB257A8A32181A8B31C482245F9
:1081F0003ED6EFC06FFDB25713578500D8B3135763
:108200000501F8A31848C8A36181E8B35C37482783
:1082100023090700A207C98F1255A30907003ED6FC
:10822000EFC0CFF8B257E98F22553ED6EFC00FF816
:10823000B2575D8D42051C48418113578500D8B760
:10824000C8A72307B401EFC04FF71C481375F50307
:108250003ED6E2475D8DEFC06FF5B257C8A72181CA
:10826000C8B7C167FD17337AFA00A247D29CD297EC
:108270003EC4A287E39E0BE8032AC90763190A06D6
:10828000232E390751A2AA897DBDC2450146014569
:10829000EFD07FB448C005C5EFD07FCDAA94C2040B
:1082A000C180E3860BEEE28505460D45EFD0BFB2F7
:1082B000AA85484095E1EFD03FAD232204008347D3
:1082C00069027D5A93E707F82303F902E38709DA85
:1082D0004E85EFE0EF8755B323A295018504C204D4
:1082E00023249401C180EFD05FCA55B53E8A83270D
:1082F0000A00EDFF83270A01835BCA00C827DC3729
:10830000A2075D8DEFC06FEB0D893335A0005E9540
:108310006305051883270A01C827DC37A2075D8D8E
:10832000EFC0AFE90D89631A051693773B0081C74B
:1083300085476314FB1603D7C9008357CA00BA9751
:1083400003570904634BF7140347EA0083C7E900A6
:108350006315F71403270A0148335C2322055D8D5A
:108360007C23C207C98F683362055D8DEFC00FE8BB
:1083700003A70901835BCA005C23AA9B483322053B
:108380005D8D7C23C207C98F683362055D8DEFC0A8
:10839000EFE56394AB10C247B15503A549009D8D2D
:1083A000C205C185EFD07F97E31B05F003A5490007
:1083B0003E2599EB1C41FD14C20423A2F9002320A1
:1083C0000500C180EFD05F9C93771B00CDC783274A
:1083D0000A0183CBD700C827A20BB3EBAB0005453E
:1083E000EFC0CFDC83270A0133E5AB0042054181B2
:1083F000C8A72181C8B763958900035CCA0052846D
:10840000CE851145EFD02FFB93773B0089C7850AB6
:10841000C20A93DA0A01137B1B0063080B0083472F
:10842000690293E707022303F90283270907231C44
:108430009906014AD6972328F90683576907B38A14
:108440005741231B5907E30A0CC21C48E38707C2A4
:108450005247098BE31307C2C437C827A204C98C4B
:108460002145EFC0AFD41C48458D42054181C8A7C6
:108470002181C8B719B183A5490003254A00EFD06F
:10848000DFB003D7C9008357CA00BA972316FA0092
:1084900083A709002320FA00B9BF23203A01ADB712
:1084A000EF721FCDAE868147054701468145EFF04B
:1084B000BFBA6F703FCEEF721FCA2A840146D14502
:1084C0000545EFD05F9131CD83476402AA842850DF
:1084D000F19B2303F402EFC02FCFCC402A862285E4
:1084E000EFF05FAA9A2413094400AA8999464A86A4
:1084F000A2852685EF00106D2388A9002181A3881D
:10850000A9003824343499474A86A2852685EFC0CD
:10851000BF922685EFD05F870145A30304026F70E9
:10852000DFC67955EDBF83A701956380A736EF724B
:108530003FC183574506035AA50563F347013E8AA9
:1085400083476502420A2A84898B135A0A01645DB3
:1085500095CB91E42285EFF01FF66F703FC29848EB
:1085600048335C2322055D8D7C23C207C98F6833A5
:1085700062055D8DEFC08FC7DE247848998F3E95E8
:10858000E36AAAFC8329040863960908B78A0020D5
:10859000894B938ACA92370C0402130B4400FD5C8A
:1085A000ADC0984848335C2322055D8D7C23C2070B
:1085B000C98F683362055D8DEFC04FC3DE247848F4
:1085C000998F3E95637CAA048347040B9DEB9848E2
:1085D00048335C2322055D8D7C23C207C98F683335
:1085E00062055D8DEFC08FC0DE247848998F3E957F
:1085F0008357440663F7A70085472326040A230808
:10860000F40A83476402014593F7F7072303F40252
:10861000A9B7BE8983A70900EDFF8DBF8327040892
:1086200095C38347640213F7470409EF785C01CBD5
:10863000144389EA56270357040463F5E60093F7C9
:10864000070AD9D39C407CDC1C48638977039C488B
:1086500003C9D700C82722093369A9004145EFC0E3
:10866000EFB49C483365A90042054181C8A7218128
:10867000C8B783476402F19B2303F402085403A99B
:108680000401EFC06FB4935785002304A900A3042D
:10869000F900935705016181A305A9006A342305F8
:1086A000F90003A90401EFC06FB07A341C5423070A
:1086B000A9002181A307A900BA977AB81CD8FC2485
:1086C000858B99CB03A54A0003A904013365AC004F
:1086D000EFC08FAF232AA9001C4099E75A85EFC04D
:1086E000AFB159C55C411CC08317E4036394970183
:1086F000231F04027C4095E383A7819298487CC0A5
:1087000048335C2322055D8D7C23C207C98F683303
:1087100062055D8DEFC08FAD28C4C84003A9040178
:1087200099465841232225015A863307E940931779
:1087300007013A25C183A2851D8F3AA51A251D8FF1
:10874000420741831AA523080900A3080900EF0086
:1087500070472308A9002181A308A90038243434D4
:10876000C84099475A86A285EFC00FEDA3030402C3
:10877000984848335C2322055D8D7C23C207C98F4E
:10878000683362055D8DEFC06FA69C482A8983DD42
:10879000C400C827DC37A2075D8DEFC00FA20D898A
:1087A0003335A0003C506E954A95898F63D30700FE
:1087B00028D09C4803D9C400C827DC37A2075D8DA8
:1087C000EFC0AF9F0D893335A0004A955DC983275F
:1087D000040823A0040089E723209408A68999A807
:1087E000984848335C2322055D8D7C23C207C98FDE
:1087F000683362055D8DEFC06F9F03A709012A8969
:1088000048335C2322055D8D7C23C207C98F683302
:1088100062055D8DEFC08F9D3305A940635005064D
:10882000130904088327090081EB832709009CC0F2
:1088300023209900645CADB3984B48335C23220538
:108840005D8D7C23C207C98F683362055D8DEFC0E3
:10885000EF999848AA8D48335C2322055D8D7C23CF
:10886000C207C98F683362055D8DEFC02F983385CD
:10887000AD40E35C05FA032909006DB723A0990018
:10888000B1BF2685EFD03FAA75B701458280EF7250
:108890009F8C4111AA8AAE84B289D1450146054513
:1088A000368A3AC63E8BEFD00FD36303050E3247AC
:1088B00040412A893A85EFC06F8F08A0218108B016
:1088C0005A85EFC0AF8E28A0218128B05685EFC011
:1088D000AF8F9357850048A05CB093570501618125
:1088E0007CA068B02685EFC02F8E9357850008A422
:1088F0001CB4443493570501618128B44824A20470
:108900003CA4C98C4165130505FCEFC02F8AE98C96
:108910005145EFC0AF89458D42054181B7870020A1
:1089200048A4218148B403D50793EFC02F8868A4D9
:108930005C34218168B44824A207230904005D8DBA
:10894000A3090400EFC06F8795671375F5035D8D6C
:10895000EFC0CF850357890048A4218148B49946C8
:108960005286CE8523080400A30804004A85EF0040
:10897000702508A8218108B8994701479306000887
:108980005286CE854A85EFC02FCB4A85EFD0CFBF28
:1089900041016F708FFF8327050885CBEF724FFD74
:1089A0003E8714438DE2745D14C37CDD8347250547
:1089B000232005082322050485072309F504EFF089
:1089C0009FB66F702FFD3687E9BF8280EF72AFF8D8
:1089D0008324050895C49C402A841309C5072320D5
:1089E000F5088327090099EF832709009CC02320FD
:1089F0009900834724052322040485072309F404EE
:108A00006F70AFF8984B48335C2322055D8D7C2353
:108A1000C207C98F683362055D8DEFB03FFD98488E
:108A2000AA8948335C2322055D8D7C23C207C98F48
:108A3000683362055D8DEFB07FFB3385A940E35558
:108A400005FA0329090071BF83270508B1CFEF722A
:108A50002FF2834765022A84918BA9E7EFF01FF775
:108A60008356A4058357440613D7160063F4D70032
:108A700013D7170083570404231EE40493961700AA
:108A80006354D700231ED4040D47B387E70203576E
:108A9000C405BA97231DF4048347640293E7470093
:108AA0002303F4026F700FEF8280EF72CFEAAA8483
:108AB0000146D1450545EFD00FB229C52A84A850FB
:108AC000138944007D15EFB03FF04C402A8626857F
:108AD000EFF04FCB1A24AA8999464A86A6852285AB
:108AE000EF00500E2388A9002181A388A900B43487
:108AF000994701474A86A6852285EFC0EFB32285B4
:108B0000EFD08FA86F706FE8EF72EFE403240508D1
:108B100019E0605D5DC41C48AA84C827DC37A20741
:108B20005D8DEFB09FE9058959CD5E24C9EF054AF7
:108B3000D14501460545EFD00FAA2A8959C11848E9
:108B40004C41268550335C2322065D8E7C23C20770
:108B5000D18F703362065D8EEFF0CFC2AA896307B2
:108B60000A0640355C2541652204130505FC5D8C31
:108B7000EFB0DFE3698C4545EFB05FE3498C9317B5
:108B80000401C1832386F900A183A386F90003575A
:108B900089001384440099462286A6854A85EF0001
:108BA00070022388A9002181A388A900B4349947C1
:108BB00001472286A6854A85EFC00FA84A85EFD0D7
:108BC000AF9C6F708FDC014AD545A5B71844832749
:108BD000490003070700D8AB5DBFEF726FD6404175
:108BE00006252A891C3008204111A2075D8D2E8A96
:108BF000EFB0BFDC21813D8909050A0563C2A402EB
:108C00001C300820A2075D8DEFB03FDB9355650057
:108C100093F5C503B305B0404A85EFD00F9019C551
:108C20004A85EFD06F9641016F704FD5832A490076
:108C3000130C0401D2856285EFC06FA383C71A00AD
:108C40002A8B03C50A00A2075D8DEFB01FD783C72B
:108C50003A00AA8B03C52A00A2075D8DEFB0FFD5AD
:108C600093074004AA86631DF506930730046399B1
:108C7000FB1283270A0263850712C443638204122E
:108C8000D44089CE58345C2422075D8F7C24C207EF
:108C90005D8F7C34E207D98F6394F61083C77A0026
:108CA00003C76A00A207D98F99CB03578900C5462D
:108CB00062869305C4004A85EF00C07035F1E15526
:108CC0004A85EFD08F8529FD638C040E9C4CA9DB6F
:108CD000C84C5E879306C4004A86A6858297A1B7D2
:108CE00083A4C195014D814D938CC1951306C07627
:108CF00089E463070D0AEA8455B7BE28639CD70848
:108D0000984063150B0439E363160D009C28918B82
:108D100091E3268DDE2863927709CC4089CD5834C3
:108D20005C2422075D8F7C24C2075D8F7C34E207C0
:108D3000D98F6394F506E3830DF6DC4423A6FD008A
:108D400083A70C0023A09C00DCC489BF1C38834986
:108D50000401A207B3E7370183492401C209B3E73D
:108D6000F90083493401E209B3E9F900E38EE9F837
:108D7000370500F036C6EFB07FC7B3F9A900370555
:108D800000E0EFB0BFC6B2461306C076E38EA9F688
:108D9000E31C0BF6A68DC444A1BFE39DC6FEFDBD3A
:108DA00018381C2822075D8F3C28C2075D8F3C388D
:108DB000E207D98F03274A00E314F7E68144F9BD9F
:108DC000E3100BE61C380428370500F0A207C58F16
:108DD0002428C204C58F2438E204DD8CEFB01FC103
:108DE000E98C370500E0EFB07FC0E38BA4E21C30D4
:108DF0000820A2075D8DEFB05FBC93558500BD894B
:108E000089058A054A85EFC05FF18D454A85012BAA
:108E100001BD83A8C195AA860143C6871388C19561
:108E20009DE799C998319C2122075D8FBC21C2071B
:108E30005D8FBC31E207D98F9CC225C6B2AA01451D
:108E40006316030023A616012320D8008280638BBB
:108E5000D702BA2B6316C70203AE070063140E00D5
:108E600055558280F5DD883198212205598DB8212C
:108E70004207598DB8316207498F7DD3E302EEFE78
:108E8000DC4779BF0543EDBFAE2B639AC5000506ED
:108E900042064182C687DDD3E318E6FED1B7DC4740
:108EA000DDBF2167C68705667D17F5B7EF72AFAAEC
:108EB0003E292A89AE89B28A368B3A8AADC7A14546
:108EC0004E85EFC09FE5CE8401CD0146A145054505
:108ED000EFC07FF0AA847D5429CDCE85EFD0AF8C32
:108EE00003552901C040EFB07FAC08A0218108B034
:108EF0005A85EFB0BFAB8327090028A0218128B095
:108F000023030400A3030400130B4A0095C703279F
:108F10004A004A8B6382E7025D54638C34012685E4
:108F2000EFC09FE639A00146AA85EFF09FEE2A84A4
:108F300059D522856F706FA58A24EFB03FA748A04E
:108F4000218148B083470901858B99EB9A24C54656
:108F50005686DA852685BD210DC168A0218168B0BD
:108F60000347A9008346B9005288C5475686DA856B
:108F70002685EFB0DFD62A844DB7FD577CA07CB0A4
:108F8000C5B7EF72EF9E41112A8432852EC636C4D2
:108F900032C2EFB07FA619C9A2461246B2452A874F
:108FA0002285EFF0BFF041016F70CF9E7155E5BF94
:108FB000EF720F9C3E292A84AE843289B1CB81475F
:108FC00099C898309C2022075D8FBC20C2075D8F16
:108FD000BC30E207D98F18285CC0231A240113671C
:108FE000470018A8184005EF85CF13054400EFB0DF
:108FF000BFA0AA87715595C3DC431CC083A6C19549
:109000009387C195368705E354C480C3014531A0D9
:109010000146AA85EFF0FFDF5DD16F70AF97F9FFD2
:1090200023200400E1BFE30387FE5847E9BF0CCDCE
:1090300050CD8280EF72CF930545EFC0DFB52A8413
:1090400009C9130600028145EF708F95930700F858
:109050003CB422856F700F94EF72EF8F2A842E8AB2
:10906000B2899305400201460545EFC0DFD631CDF8
:10907000032904004041AA847146CA8523004401A3
:10908000A300340123020400A3020400230304000C
:10909000A303040013058400EF10E041AE24230174
:1090A0000400A301040022851D2128A0218128B0ED
:1090B00085470147930600081306C90081452685A8
:1090C000EFB09FD72685EFC03FCC6F700F8CEF724B
:1090D000AF874041AA8441111C300820AE89A20705
:1090E0005D8DEFB09F8D135965001379C903B30AE5
:1090F0002041C20A93DA0A41D6852685EFC0FFC116
:1091000039E19E248D4663F0F604DC409823631217
:10911000D704982793868700883F3D8B0A073697A8
:109120002C2303483700982F22059433598DB82FEC
:10913000903BA2054207498FA83FB3E505016205B0
:10914000598DEFA0FFEF2685EFC01FC441016F705E
:109150002F83A147E319F7FE1C38034A04013705A2
:1091600000F0A207B3E74701034A2401014B420A7A
:10917000B367FA00034A3401620A336AFA00EFB0B7
:10918000FF862A8C370500E0EFB05F86AA8BCE857C
:1091900013050401EFB0BFCD19E533758A0133051E
:1091A0007541333BA000EFA0DFE851DDE30D0BF884
:1091B0009A249D47E3F9E7F82685252649F54209D3
:1091C00093052002268513590941EFC01FB563049A
:1091D0000512CA852685EFC05FB435F58E24014699
:1091E0000945EFC05FBF2A8A39DDA685EFC0FFDCE5
:1091F00039F9D685528503244A00EFC01FB221F504
:109200002685EFC07FB8D28458345C2414382207F6
:109210005D8F7C24A20603AA4400C2075D8F7C34C4
:109220003D651305F57FE207D98F18281CA8D98E54
:1092300038284207D98E38386207558F93568700F1
:1092400058A454B493560701618378B413D78700A8
:1092500018B813D70701E18374A438A83CB8834A2F
:109260003A0083472A0023000A00A20AB3EAFA0060
:10927000EFB0CFF363E9AA08056513050580EFB0E9
:10928000EFF283473A0003472A00A207D98F8507E8
:109290003E95420541812301AA002181A301AA0034
:1092A0001C340824A2075D8DEFB02FF1A167137560
:1092B000F50F5D8DEFB08FEF08A4218108B4D14583
:1092C00023050400A30504002285112428A421817C
:1092D00028B4CA852685EFC05FA4E31605E64E884C
:1092E000854701479306000801469305C40026857B
:1092F000EFB0FF9E89BD9305E0FD2685EFC0FFA17D
:10930000E30405F089B5056513050580EFB00FEAA4
:1093100083473A0003472A00A207D98F95BFEF621F
:109320003FE513F6F50F11058D45EFF0FFD26F60A5
:109330007FE6EF62FFE313F6F50F1105AD45EFF0A1
:10934000BFD16F603FE5EF62BFE23308B50042086E
:10935000AA860147135808018548B307D840C207B9
:10936000C18363E4F80493D71500939617003695EC
:10937000F956B387D702BE95C205C18181C51C21AC
:10938000A2073E9741659306F5FF93570701758F36
:109390003385E700C177E98F99C3758D05054205CF
:1093A0004181EFB0AFE06F60FFDE9C329022890612
:1093B000A207D18F13968700A183D18FC207C183E3
:1093C0003E9761BFEF625FD8B787002083A70794FD
:1093D000BA844111139757006349070E416B2A89DC
:1093E000AE8A328A814901447D1B854B631E090880
:1093F000638B09004167931784007D172180F98FE3
:109400001374F40F5D8C03C51A0083C70A00034769
:109410000A0022055D8D83C72A0003463A00416990
:10942000C2075D8D83C73A0062067D19E207C98FC6
:1094300003451A002205498F03452A004205598D2C
:10944000498E33752601418233F7270132953A95CB
:10945000C1833E952A943685EFB04FD52A94268550
:10946000EFB0CFD4229513540501337525012A940A
:10947000135504013374240122951345F5FF420569
:10948000418141016F60DFCF8355A9000325490069
:1094900036C6EFF05FEB2A949357040133746401EE
:1094A0003E948357A900B246858B89CF93178400D9
:1094B0002180B3893B41B3F767011374F40F93F92B
:1094C000F90F5D8C0329090015B701455DBFEF62F7
:1094D0003FCAEFF05FE71345F5FF420541816F603A
:1094E0007FCBEF625FC7C169AA8401490144FD19BE
:1094F000054A95E0630B09004167931784007D17C7
:109500002180F98F1374F40F5D8C1345F4FF42052D
:1095100041816F609FC7AE24C840EFF0DFE22A941C
:1095200093570401337434013E94BE24858B89CF54
:1095300093178400218033092A41B3F7370113744C
:10954000F40F1379F90F5D8C844065B713D745018B
:10955000B7071000FD1713D846011377F77F93085C
:10956000F07F33FEB700AA8EF58FFD81328F13781E
:10957000F87FFD82630B170105436306180163142E
:109580000701630DFE001A858280B368AE000543B3
:10959000E39B08FEE319E8FED18FF5F70543E3945A
:1095A000EEFF0143E381D5FE054371FF3365AE0055
:1095B0003333A000C9BF13D74501B7071000FD170B
:1095C00013D846011377F77F9308F07F33F3B70082
:1095D0002A8EF58FFD81B28E1378F87FFD826308A5
:1095E0001703630018030DEBB368A30063140800AE
:1095F0005D8E29CA638508046388D502054595ED0B
:109600008280B3E8C700E38008FE79558280336525
:10961000A30065FD630CE802631408005D8E79DE2B
:10962000E39ED5FCE34CE8FC63480701E3E867FCF4
:109630006303F302637FF30081E57D558280F5DEED
:10964000054582800145E39B08FA82805D8E69DAD8
:109650006DBF01458280E3E3CEFB0145E372DEFB93
:10966000E5F1E1BF13D74501B7071000FD1713D887
:1096700046011377F77F9308F07F33FEB700AA8E79
:10968000F58FFD81328F1378F87FFD82630E17030B
:10969000630D180129E3B368AE00631F08005D8EF7
:1096A00001EE0143638C080421A8B3E8C700094315
:1096B000639608046DD305A0638408046385D5020E
:1096C00005438DCD7D531DA8B368AE000943639754
:1096D0000802630AE802631408005D8E75D2E39104
:1096E000D5FEE34FE8FC63490701E3EBC7FD630FD9
:1096F000FE0001436374FE00F1D505431A858280A4
:10970000EDFE7D53E5BF5D8E79DACDBFE36ADFFB09
:109710000143E3F5EEFFF5F175B739714AD813D976
:1097200045014ED652D456D29399C50006DE22DCAE
:1097300026DA5AD05ECE1379F97F2A8A93D9C900E6
:1097400093DAF501630D090E9307F07F6306F918AC
:109750001354D5018E09B36934013704800033E412
:10976000890093143500130919C08149814B13D71F
:109770004601139AC6001377F77FB285135ACA00C1
:1097800013DBF601630B07109307F07F6303F70405
:109790009357D6010E0A33EA4701130717C0B707DC
:1097A0008000B367FA00931536003A99814833C7B1
:1097B0006A01BD463A851308190063E83617176633
:1097C00000001306E6058A09B29983A60900B2963D
:1097D0008286B367CA001309F97F6399071293E978
:1097E000290081458948E1B701479307F07F370495
:1097F000080081443204D20731807E075D8C598C89
:10980000A285F250625426854259D254B259225A46
:10981000925A025BF24B216182805A853E84AE846B
:10982000C68B8947638DFB0E8D47E38FFBFA854717
:109830002A87639EFB3881470144814465BF33E436
:10984000A90061C036C632C4638C092A4E85EF0078
:1098500070392246B246AA87130755FF7544938490
:1098600087FF198CB399990033548A00336434010B
:10987000B3149A0013D746011309D0C0139AC60037
:109880001377F77F3309F9408149814BB285135A29
:10989000CA0013DBF601E31907EEB367CA00B1C7CC
:1098A000630F0A22528532C4EF00D03322462A8742
:1098B000930655FFF547930587FF958F331ABA0036
:1098C000B357F600B3E74701B315B6003309E940D3
:1098D0001309D9C08148E1BD33E4A90001ECA149D5
:1098E00081441309F07F894B59B593E919008145EB
:1098F000854875BD4E84AA84B1491309F07F8D4B0C
:10990000BDB5914981440149854B95B593E939002D
:10991000D2878D4869BD89475685E397FBF02A8732
:109920009307F07F01448144F1B5C16E1386FEFFB9
:1099300093D6040113DE0501F18CF18D3386950277
:109940003383B6029358060133059E021A95AA98EE
:10995000B382C60363F36800F692C16F1383FFFFFF
:1099600033F5670093D30701B3F76800C207337379
:1099700066003E933306950293D80801B387A6028A
:10998000135F0601B3849302BE94FA94B38E7602F9
:1099900063F3F400FE9E416A9307FAFF935F0401AC
:1099A000B376F400B3F9F4007D8EC1803384D50220
:1099B000C209338FD401B299CE98B307DE02935E09
:1099C0000401B385BF02AE97BE9E330EFE0363F360
:1099D000BE00529EC1679385F7FF33F6BE006D8CC3
:1099E0004206229693DE0E01B305D502769E33859C
:1099F000AF0213D40501B386D302AA96A296B38F01
:109A0000F30363F3A600BE9F41657D15B3F7A6007F
:109A1000C2076D8DAA97B3855800B3B93501FA977F
:109A2000B2953384370133B6C500B30EC401338514
:109A3000CE0033343401B3B7E701C18F33BECE015A
:109A400013D406013336C5003E943366CE0093949A
:109A5000950032947E94B3E4640026049356750115
:109A6000B3349000DD8193179500CD8C558CDD8C3F
:109A70009317740063DB070093D71400858893164F
:109A8000F401DD8CD58C058042899307F93F635939
:109A9000F00893F6740081CE93F6F40011466388C3
:109AA000C60093864400B3B496002694B6849316F9
:109AB000740063D80600B70700FFFD177D8C93077D
:109AC00009409306E07F63CFF60E93D634009314DB
:109AD000D4012604D58C318093F7F77F21BB3285E2
:109AE00032C4EF00301093065501F1471307050209
:109AF0002246E3D1D7DC6115B317A6008145F9B33F
:109B0000EF00500E13075501F14593070502224659
:109B1000B246E3D5E5D461153314AA00814499BB5C
:109B200085469D8EB1E71309E941B3972401B3D46B
:109B3000D40033192401B337F000B3649900DD8CED
:109B400093F77400B356D40081CF93F7F400114615
:109B50006388C70093874400B3B49700A696BE8479
:109B60009397860063D8070485470144814459B11F
:109B700013068003E341D6CC7D46E356D6FA05565C
:109B8000B307F640930500023356F4006387B6002E
:109B90001309E943B3172401DD8CB3349000D18C51
:109BA00093F67400014499CA93F7F4001146814674
:109BB000E392C7FA139496003180F6068D80D58C17
:109BC00081470DB99307F07F0144814425B1428953
:109BD0006DBD370710007D1701113373B70093D89F
:109BE0004601758F935ED60122CC26CA0E0393D40C
:109BF00045019357D5010E0706CE4AC84EC693F8C5
:109C0000F87F130EF07F33E7EE0093F4F47F13D464
:109C1000F50133E36700131F3500FD82931E360004
:109C2000638FC81793C61600B38514416304D4121A
:109C30006350B018638A081AB70780005D8F638F7E
:109C4000C4579307800363C2B734FD4763C3B74863
:109C5000930700028D8FB3D9BE003318F700B39E6F
:109C6000FE00336838013357B700B339D001336889
:109C700038013303E340B3090F41B3373F013306E3
:109C8000F3409317860063D20724370980007D19BB
:109C900033792601630E092C4A85A927130785FF0E
:109CA00093070002998FB3D7F9003316E900D18FDB
:109CB000B399E9006344972A058F13061700FD4600
:109CC00063C4C63A13070002118FB3D6C900339894
:109CD000E9003397E700558F33380001B369070176
:109CE00033D6C700814493F7790081CF93F6F9000A
:109CF00091476388F6009386490033B8360142964F
:109D0000B6899317860063D6071C13871400930740
:109D1000F07F05886306F720B70780FFFD17F18FF6
:109D20001398D70193D93900A60733683801B18356
:109D30001377F77F9396C7005207B1827E04D98EBE
:109D4000C18EF2406244D2444249B2494285B6854E
:109D5000056182806356B00A638A0812B7078000E3
:109D60005D8F6386C42D9307800363C7B718FD47D3
:109D700063D1B73C138805FE93070002B35907016E
:109D8000638AF50093070004B385B7403317B70023
:109D9000B3EEEE003338D0013368380195A2B367D3
:109DA000D7019385148099E393C61600630AD404FF
:109DB000D1E19387140093F7E77F6398071EB36799
:109DC000E3013368D701639204166381073C63158E
:109DD0000842131835009316D3011358380033E89E
:109DE00006019357330019A2B367D7016384071A9A
:109DF0009387F5FF638A073A638BC523BE8591B5C8
:109E00006398051C9386140093F7E67FC1EFB36750
:109E1000E301639F0434638C0744B367D701639302
:109E200007460E051318D3010D813368A800935718
:109E300033006DA8B385984063960420B367E301AF
:109E4000638C07309387F5FF638807401305F07F25
:109E50006382A520BE859307800363C1B72AFD47AF
:109E600063C7B73C930700028D8F3318F300335656
:109E7000BF00B317FF003368C800B339F000335395
:109E8000B3003368380133076740ADACB367D7011F
:109E9000638207109387F5FF638E071E638FC52DBE
:109EA000BE85D1B59307F07F638BF606FA9E33B675
:109EB000EE01B307E300B2971398F70193DE1E009B
:109EC000B369D80113D61700B68493F77900E39FDE
:109ED00007E09317D60113D839003368F800A68538
:109EE000935736001307F07F6380E506B207B1830E
:109EF00013F7F57F05883DBD3367D7013338E000A0
:109F0000B309E801B3B7E901338667009317860008
:109F1000E3DD07FA85049307F07F639BF418058857
:109F20001307F07F8147014831B563900710630044
:109F3000083C131836009317D701135838003368BC
:109F4000F800368493573700B367F800E9DB014423
:109F50001307F07FB70708000148E9BB370680FF09
:109F60007D167D8E93F77900998CE39107D895B78C
:109F70004E858D2913078501FD47E3D3E7D21306EC
:109F800085FFB397C900814935B33368D7013338AA
:109F90000001D5B1131835009317D30113583800B9
:109FA0003368F8009357330035BFB309DF413309F5
:109FB000E34033363F013309C9409317890063CA30
:109FC000072033E82901E31708CC8147014439BF52
:109FD000B385984063810414B70680009307F07F2F
:109FE0003363D3006381F8209307800363CCB722E7
:109FF000FD4763C9B72C930700028D8F3318F30018
:10A00000B356BF00B317FF003368D800B339F00070
:10A010003353B300336838011A97B309D801B3B783
:10A02000D9013386E700C684D5B5E31208F21318C8
:10A0300035009317D301135838003368F80093574D
:10A04000330019B7370580009307F07F3363A3000F
:10A05000E393F8E00E061318D7010D823368C800A9
:10A06000935737003684CDB505179306000233D7D2
:10A07000E700630AD600930600043386C640339691
:10A08000C700B3E9C90033383001B369E8000146BD
:10A09000814425BDB309DF01B307E30033BFE90104
:10A0A0003386E701931786008544E3D007E28944AD
:10A0B000B70780FFFD17F18F13D7190013F81900A8
:10A0C000336807019399F701B3E9090113D6170023
:10A0D00019B9138805FE93070002B3590701638A73
:10A0E000F50093070004B385B7403317B700B3EE0C
:10A0F000EE003338D00133683801B5BE3363E30175
:10A1000033386000B3890E41B3B73E013306F740E0
:10A11000C6843684BDB6B367E301638707189387A7
:10A12000F5FF638C071C9306F07F638ED50ABE850E
:10A1300065BD930700028D8FB3D9BE003318F700B9
:10A14000B39EFE00336838013357B700B339D001EE
:10A15000336838013A936DB3131836009317D7015B
:10A160001358380033E807013684935737009DBBF6
:10A17000BDCB3367D701E31C07DC0E051318D301F1
:10A180000D813368A800935733007DBBE30F08E2CD
:10A19000131836009317D701135838003368F800A6
:10A1A00036849357370099B3B309DF41B307E340CF
:10A1B000333F3F013386E7418544E1B4131835004E
:10A1C0009316D3011358380033E806019357330030
:10A1D000A5BBB389EE413306674033B93E0133096D
:10A1E0002641368445BC0E061318D7010D8233680C
:10A1F000C8009357370089BBB309DF41B307E34079
:10A2000033363F013386C7409317860063D7070A6A
:10A21000B389EE41B3076740B3BE3E013386D741F1
:10A220003684D1B43363E30133386000FDB313885F
:10A2300005FE93070002B3590301638AF5009307F3
:10A240000004B385B7403313B300336F6F00333866
:10A25000E001336838017DB5B389EE41B30767404B
:10A26000B3BE3E013386D7413684854419BC1318EA
:10A2700036009317D701135838003368F800935706
:10A280003700ADB1B309DF01B307E30033BFE90124
:10A290003386E70193178600E3D907C2B70780FF2B
:10A2A000FD177D8E854415B10E061318D7010D825A
:10A2B0003368C8009357370035B133E8C900E30667
:10A2C00008D021B1138805FE93070002B35903019A
:10A2D000638AF50093070004B385B7403313B300D6
:10A2E000336F6F003338E001336838013DB3014408
:10A2F0001307F07FB707080035BCB309DF01B307C8
:10A30000E300B3BED9013386D70169BB93D74501BA
:10A31000B70610001387F6FF93F7F77F1306E03FA9
:10A320006D8FFD81635CF6001306D041635AF60021
:10A33000370500801345F5FF2E9582800145828008
:10A34000130630431D8E7D48558F635DC80093060C
:10A350003041B387F640B357F7003305F040E5F1DD
:10A360003E8582809387D7BEB317F7003355C5006B
:10A37000C98FE5B7411106C622C426C205CD935741
:10A38000F541B3C4A7009D8C2A842685A128930695
:10A39000E041898EA9477D8093F6F67F63CDA702C1
:10A3A0002D47098FB3D7E4005505B207B394A40035
:10A3B000B18329A00144814681478144B207D20676
:10A3C000B1837E04D58FC18FB24022442685BE85DD
:10A3D0009244410182805515B397A400B207B1831E
:10A3E0008144E9BFC167637CF5029307F00F13074F
:10A3F000000263EBA7009757000093876746AA9770
:10A4000088233305A74082802181975700009387D6
:10A410002745AA97882361473305A7408280B7075D
:10A420000001636DF50061819757000093874743F2
:10A43000AA97882321473305A740828041819757F7
:10A4400000009387E741AA97882341473305A74037
:10A4500082800325C50E8280938781839C439C5311
:10A4600089E79767FF1F9387A7BB03A5C70E828065
:10A4700093878183AA85884361AA93878183AA856C
:10A480008843DDA091ED41116C00014501CA795569
:10A4900091C61C229CC108223335A0004101828054
:10A4A000014509CA795599C61C229CC10822333539
:10A4B000A00082808280B3C7A5008D8B3307C500C2
:10A4C00081E78D4763EDC700AA87637EE508942185
:10A4D00085078505A38FD7FEE3EBE7FE82809376A1
:10A4E0003500AA8789CA942185078505A38FD7FEE1
:10A4F00093F63700C5BF9376C7FF138606FE63F059
:10A50000C70683A3050083A2450083AF850003AF80
:10A51000C50083AE050103AE450103A3850183A8F1
:10A52000C5019385450223A0770003A8C5FF23A298
:10A53000570023A4F70123A6E70123A8D70123AAE4
:10A54000C70123AC670023AE17019387470223AEF0
:10A5500007FF75B790419107910523AEC7FEE3EB66
:10A56000D7FEE3E6E7F68280DDC183A7C5FF411190
:10A5700022C406C626C21384C5FF63D307003E94D7
:10A58000AA84EF10307E938701969C4381EF2322AB
:10A59000040023A081962244B240268592444101C2
:10A5A0006F10707C637EF40014403307D400639610
:10A5B000E7009843DC43369718C05CC0D9BFBA8720
:10A5C000D84319C3E37DE4FE94433386D700631F69
:10A5D00086001040B29694C33386D700E31DC7FAB5
:10A5E00010435843B29694C3D8C375B76375C4007B
:10A5F000B1479CC04DB71040B306C4006316D700E6
:10A6000014435843B29614C058C0C0C369B782807F
:10A61000011126CA93843500F19806CE22CC4AC88F
:10A620004EC6A104B14763F3F404B14463E2B40439
:10A630002A89EF1030739387019698433A8439E062
:10A64000938741969C4391E781454A85C92A23A275
:10A65000A196A6854A85E122FD5963193507B147C0
:10A660002320F9004A85EF10107029A0E3D004FCE4
:10A67000B1471CC10145F2406244D2444249B2494B
:10A68000056182801C40858F63CF0702AD4663F66B
:10A69000F6001CC03E9404C031A05C4063138702E6
:10A6A00023A0F1964A85EF10106C1305B4009307B0
:10A6B000440061993307F5405DDF3A94898F1CC0EF
:10A6C0005DBF5CC3C5B72287404095BF130435000A
:10A6D0007198E30285FCB305A4404A858922E31CF6
:10A6E00035FBB5BF39713EDA2ED232D436D63AD8E0
:10A6F00042DC46DE9387818322CC804326CA06CE85
:10A70000AA8411C41C4C81E72285EF1020480C4418
:10A7100054102686228536C6EF308009F240624406
:10A72000D24421618280011126CA4AC806CE22CCB9
:10A730004EC652C4AA842E8909C51C4D99E3EF1058
:10A74000E0449C4C804481E72685EF1020449757D5
:10A7500000009387673E631CF402C0405E24A18B17
:10A76000B9C71C48A9C7FD59294A1C44834509009B
:10A77000FD17A1ED1CC463D007082286A9452685D4
:10A78000EF00B077FD576309F50229453DA09757C3
:10A7900000009387673C6314F4008044C1B7975767
:10A7A000000093876737E31BF4FAC04445BFA285D6
:10A7B0002685EF10800545D97D55F2406244D2448C
:10A7C0004249B249224A056182801CC4050963D707
:10A7D0000700184C63CAE700638845011C401387D3
:10A7E000170018C08CA351B722862685EF00F070A1
:10A7F000E31D35F7D1B71C401387170018C0294750
:10A8000098A361B793878183AA8588436FF0BFF1CE
:10A81000938781832E86AA8588436F20007041111B
:10A8200022C42A842E8597D7FF1F23AF071806C698
:10A83000EF809FA0FD576319F50097D7FF1F9387FF
:10A84000A7189C4391C31CC0B2402244410182809E
:10A8500035713ECBA6DA36C73AC942CD46CF93878B
:10A86000818386DEA2DC844363DB05009307B008A6
:10A870009CC07D55F6506654D6540D618280930776
:10A880008020FC822AC42ACC814799C19387F5FF96
:10A890003EC83ECE7401FD572E8426852C00FC83D5
:10A8A00036C2EF20607BFD576355F5009307B00873
:10A8B0009CC069D0A247238007006DBF71713ED351
:10A8C0009307402006C72EC632CD36CF3AD142D5A7
:10A8D00046D72312F1022ACC2AD4F520970700008C
:10A8E000938707063EDEFD57B2452313F102938797
:10A8F00081832ACE2AD6884334092E862C0882C624
:10A9000082D036CAEF20B029BA404D618280411111
:10A9100022C42E848395E50006C6EF30D00063493B
:10A9200005007C48AA977CC8B2402244410182803D
:10A930005E247D777D17F98F5EA4FDB70145828087
:10A94000DE25011122CC26CA4AC84EC606CE93F790
:10A950000710AA842E843289B68999C78395E500A9
:10A9600089460146EF10F02D5E247D777D17F98F23
:10A970005EA48315E4006244F240CE864A86B24962
:10A9800042492685D24405616F00D064411122C43A
:10A990002E848395E50006C6EF10B02AFD575A2491
:10A9A000631AF500FD77FD17F98F5EA4B2402244CB
:10A9B000410182808567D98F5EA468C8C5BF839531
:10A9C000E5006F009074AA87850703C7F7FF6DFF46
:10A9D0003385A7407D15828015C27D160147B307D8
:10A9E000E500B386E5009C2394226396D7006304B8
:10A9F000C7000507EDF73385D74082800145828087
:10AA0000AA8709CA850503C7F5FF85077D16A38FA9
:10AA1000E7FE65FB3E966393C70082808507A38FA0
:10AA200007FED5BF011122CC2A872E843A85A28544
:10AA300032C606CEEF20002032462A88AE8805C6F0
:10AA400051801374F47F9307B006818F635DF0002B
:10AA5000D2073707F03F01483E974286BA86EFE0BB
:10AA6000DFCB2A88AE88F24062444285C685056104
:10AA7000828035714AC92A89368532D436C606CFD6
:10AA800022CD26CB4EC7EAD8EED62E8D52C556C360
:10AA90005AC1DEDEE2DCE6DA82C8EF10301AAA8D97
:10AAA000084181440144EFF01FF2B246AA89EAC688
:10AAB00035469305B0021305D00213080002A548DD
:10AAC000B6479823636BE608637F170955C702C82A
:10AAD000364A93070003814A03470A00631BF712B3
:10AAE00083471A00130780056388E7001306800771
:10AAF000130700036396C710C24736889808D40826
:10AB000017560000130606ECEC004A85EF10C02A29
:10AB100093797500AA8A6388090099476397F906B3
:10AB2000050AD2C602C8A25781C7B64722571CC31E
:10AB3000C247B9C7B7050080A18DFA406A4426858F
:10AB40004A49DA44BA492A4A9A4A0A4BF65B665C91
:10AB5000D65C465DB65D0D6182806309B700630314
:10AB6000A702E31607F78507BEC699BF02C8138779
:10AB70001700BAC69C33A9FFA257EAC602C8D5F788
:10AB8000A28565BF05473AC8DDB7464611CA930599
:10AB90005003A808EF20202EC6454A85EF109025C7
:10ABA000FD19914763EE370117570000130747DC83
:10ABB0008A09BA9983A70900BA978287E64476443E
:10ABC00093FA8A00E3810AF6B70700805D8CA1BF83
:10ABD000F6453704F0FF7D14B3F785005644E6448C
:10ABE000130434439315440133E4B700D1BF370451
:10ABF000F07FF9B7B705008013C4F5FFFD54C9B75E
:10AC0000B64793861700B6C69C33E38BE7FE81DF19
:10AC1000854AB64C014A814B014CA546A145A9473E
:10AC20003645034B050013070BFD1376F70F63FD45
:10AC3000C60483A50D004E86EFF01FDA3DC1DA870A
:10AC4000E28D8146014B0145130750066387E700FB
:10AC50001307500481496395E71663960D00B3E727
:10AC6000560199DB814D364D1307B00293071D0045
:10AC7000BEC683471D00638FE70C1307D00201484F
:10AC80006390E70E0548C1A863C98501B38BFB0239
:10AC9000BA9B0505050CAAC661B7330AFA023A9AAF
:10ACA000CDBF364581464E95AAC61C21630B0C06C6
:10ACB000014BE28D138707FD25466375E6020545C6
:10ACC00061B7B647850613861700B2C69C33E38A80
:10ACD000E7FE1387F7FC2146E366E61EB64C368B8B
:10ACE000814D8146938707FD1387160085C73A9BE0
:10ACF0003385B6016E872148C14829466316A702ED
:10AD0000850DB69DA14663CEE6022947B38BEB02C3
:10AD10000147BE9BB64793861700B6C69C33BA86DA
:10AD200051BF1307000365B7930517006346E8009A
:10AD3000B38BCB022E87D9B7E3CEB8FE330ACA0253
:10AD4000D5BFC1460147E3C7B6FDA946330ADA02BB
:10AD50003E9AC9B7014893072D00BEC683472D0010
:10AD6000138707FD25466365E60C1307000363851B
:10AD7000E70A1387F7FC214681496363E604B64876
:10AD8000138707FD2543294EB64713861700B2C621
:10AD90009C33938507FD93F5F50F6375B3089569AB
:10ADA000330616419389F9E1A148CE8563C6C800F0
:10ADB000BA8963D3E500AE8963040800B309304162
:10ADC00063960D0CB3E6DA00E39F06D4E31605DACA
:10ADD0001307E0046389E706634FF7041307900441
:10ADE000E39CE7D8975500009385C5BCE800EF10B9
:10ADF000204CE30305D8B647975500009385C5BBA3
:10AE0000E800FD17BEC6EF10A04A01E5B64785076A
:10AE1000BEC63704F07F01BBB64713861700B2C623
:10AE20009C33B1B73307C703BA97138707FDA9BF90
:10AE3000EAC6814971B713079006E385E7FA13075D
:10AE4000E006E39BE7D297550000938565B7E800DD
:10AE5000EF100046E30205D2B6479823930780021D
:10AE60006313F702B008975500009385E5B6E80034
:10AE7000EF10E04695476318F500F6453704F07F7C
:10AE8000E6444D8C4DB13704F8FF71B9B38A69417E
:10AE900063130C006E8CC1476E8D63D3B701414DB7
:10AEA0005E85EF400047A547AA842E8463DCB70384
:10AEB00093077DFF1397370097570000938787CE3E
:10AEC000BA979043D443EFE05F852A845285AE84DD
:10AED000EF4020442A86AE862285A685EF30606F3B
:10AEE000AA842E84BD4763CDB709E38E0AC263549A
:10AEF00050075947634357038E0A975700009387BB
:10AF000067CABE9A03A50A0083A54A002686A286C0
:10AF1000EFE0BF80AA842E8439B1130750023307B3
:10AF2000B741634F5705B38DB74117590000130957
:10AF300069C793973D00CA978843CC43B38DBA4104
:10AF40002686A2868E0DEFE04FFDCA9D03A60D005A
:10AF500083A64D0075BFA95763C4FA02B3093B41EC
:10AF6000139B3900975900009389C9C3DA9903A646
:10AF7000090083A649002685A285EF30905859BF65
:10AF8000338DAD41569D6357A0119377FD0099CF46
:10AF900017570000130707C18E07BA978843CC43A1
:10AFA0002686A286EFE06FF7AA842E84137D0DFF1C
:10AFB00063080D0A9307401363D5A705014B814928
:10AFC00002C6814B930720022320F9003704F07F4B
:10AFD0008144B247E38907B4C6454A85EF108061D2
:10AFE000DE854A85EF100061CE854A85EF108060CE
:10AFF000B2454A85EF100060DA854A85EF10805F20
:10B000001DB6135D4D402685A2858147014A05483E
:10B0100097580000938888B66346A80599C3AA8408
:10B020002E8417570000130767B593173A00BA9795
:10B030008843CC433707B0FC22972686BA86EFE0D8
:10B04000CFED3704F07FB377B4003707A07CAA8434
:10B05000E366F7F63707907C637AF7027D14FD54B8
:10B06000014ADDA813771D0011CF13173A00469748
:10B0700010435443EFE06FEA8547054897580000B6
:10B080009388C8AF050A135D1D4079B73704500394
:10B090002E94F9B7E3060DFC330DA0419377FD0024
:10B0A00099CF175700001307E7AF8E07BA97904361
:10B0B000D4432685A285EF30D044AA842E84135D24
:10B0C0004D40E30F0DF8FD4763DDA701014B8149BA
:10B0D00002C6814B93072002814401442320F900DA
:10B0E000CDBD137A0D0163040A00130AA00626855C
:10B0F000A285975700009387678F014793761D00BD
:10B1000081CA9043D4433EC6EFE02FE1B2470547E2
:10B11000135D1D40A107E3130DFE19C3AA842E84FD
:10B1200063050A029357440113F7F77F9307B006AC
:10B13000998F635CF0007D476354F7221307400347
:10B1400081446359F7203704700301468146268500
:10B15000A285EFE0AFBF3DD95E87EE866286E685C9
:10B160004A85EF10E0562AC6E30A05E493D7FA4170
:10B17000B3093B41B3F7F9003ED056CE63D30A0082
:10B1800002CEB247014B8149B1073ED8B707100044
:10B19000FD173ED6B2474A85CC43EF10E03CAA8B60
:10B1A000E30205E2B247C2553105904B09060A0693
:10B1B000EFF06FB0B808D4082286A6854A8526CA63
:10B1C00022CCEF10D036AAC8E30E05DE85454A85AD
:10B1D000EF104065AA89E30705DED64763C7071865
:10B1E0000257724C338DE7006647B3874741930699
:10B1F0006003BA97FD17930D20C0998E63D6B719D7
:10B200003387FD407D46998E6346E616854DB3979C
:10B21000ED003ED2814C369CB30DDD00529CEA8796
:10B2200063D3AD01EE876353FC00E2876358F000FF
:10B23000B38DFD40330CFC40330DFD408257635805
:10B24000F002CE853E864A85EF10C073AA89E30BD3
:10B2500005D64646AA854A85EF10805E2ADAE303C2
:10B2600005D6C6454A85EF10E038D257BEC8634FB1
:10B27000B011635A50017246DE854A85EF10807026
:10B28000AA8BE30105D4635A8001DE8562864A8574
:10B29000EF10207BAA8BE30705D2635AA001CE856D
:10B2A0006A864A85EF10E079AA89E30D05D0C64584
:10B2B0005E864A85EF10F0082A8BE30505D0032C43
:10B2C000C500CE8523260500EF1090046359050CB8
:10B2D000336C9C0063110C129317C400639D07101C
:10B2E000B707F07FE18F3707B0066376F710832743
:10B2F0004B0191E703270B01854763DEE70EDA85F3
:10B3000005464A85EF10E073CE852A8BEF1050007A
:10B310006353A00E630C0A10B707F07FE18F370765
:10B32000B0066345F71037077003E355F7DA0147B6
:10B33000B70750392685A2853A86BE86EFE0EFBD75
:10B340002E84C98DAA84E39905C89307200223207F
:10B35000F90059B181177D57B317F7007D8CF5B30C
:10B360007D57B317F700FD8CCDB37247025D330CE8
:10B37000F7409DBD930C20BEB387FC40854CB39C29
:10B38000FC0085473ED241BD814CE5BFC6456E8677
:10B390004A85EF10006BAAC8E31D05EC25B169E9E9
:10B3A000370710007D17B377E40063090C04639935
:10B3B000E7047D5763000A02B707F07FE18FB70605
:10B3C000A00663E9F600D1839306B006B387F64082
:10B3D0003317F7006396E402B707F07FFD17631594
:10B3E000F400FD57E380F4BEB705F07FE18D37042C
:10B3F00010002E948144E31C0AF2F9BEC58F99DB3C
:10B4000063820C04B3FC8C00E3870CFE5286268515
:10B41000A285630F0C02EFF0EFE02A86AE8652455C
:10B42000E245EF30001BAA842E84F1B7B705F07F08
:10B43000E18D3704F0FFA295370410007D144D8C88
:10B44000FD5455BF9257B3FD9700E3860DFA7DBFBB
:10B45000EFF04FDD2A86AE865245E245EFE06FF70A
:10B4600001468146AA842E84EFE04F8E49F59DB1B6
:10B47000CE855A85EF10F0189747000093878751C3
:10B480009043D4432A8DAE8DEFE0CF9D6342A01050
:10B4900063010C0A814D370DF03F0147B707F03FBC
:10B4A000B706F07FB37CD400B706E07F639FDC165D
:10B4B0006AD2370DB0FC229D2685EA853EDE3ADC55
:10B4C0006EDAEF102077D25812582A86AE8646855B
:10B4D000C285EFE08FA42686EA86EF30800FAA842B
:10B4E0003705F07F3376B500B706A07C6257F25778
:10B4F0006365D60C62479307F5FF6396E7005247F2
:10B50000FD57E381E7ACB707F07F1384F7FFFD54E5
:10B51000C6454A85EF10000EDE854A85EF10800D86
:10B52000CE854A85EF10000DDA854A85EF10800C34
:10B5300095B1B1E0B257E18FA1E79747000093873B
:10B54000E7449043D4436A85EE85EFE0AF91634DC5
:10B550000502974700009387E7429043D4436A85EA
:10B56000EE85EFE08F9B2A87AE87370D0080BA8D7E
:10B57000334DFD0035B785476394F400E30C04B404
:10B58000814D370DF0BF11BF0147B707E03FF1BF55
:10B59000974700009387073F9043D4436A85EE8521
:10B5A000EFE0AF972A87AE872E8D63160C00370D1C
:10B5B0000080334DBD00AA8DE5B5370450032E94AD
:10B5C000E3180AF4B706F07FE18EE393DCF4BE855E
:10B5D0003A853A8DBE8CEFE07FD3EFE0BFD92A8663
:10B5E000AE866A85E685EFE0CFDEB2572A8DAE8D56
:10B5F000E18FC58F33EC8701630B0C0A974700007E
:10B600009387C7399043D443EFE0CF85E346059C49
:10B6100097470000938707399043D4436A85EE85A6
:10B62000EFD07FF9E356A0EE45BA630D0A04B706E2
:10B63000A00663E99605974600009386A607904208
:10B64000D4423A85BE853ADA3ED2EFE0AF819257D6
:10B6500052576344A0023A85BE85EF30D04511E1D0
:10B660000545EF30104B2A87AE872E8D63160C00F0
:10B67000370D0080334DBD00AA8DB705B0062E9D55
:10B68000330D9D415245E2453EDA3AD2EF10805AE1
:10B690002A86AE866E85EA85EFE02F885246E2461E
:10B6A000EF203073AA842E84D257125711BF9747C8
:10B6B00000009387A72F9043D443EFD0BFFAE359FC
:10B6C00005E419BA130750066387E700130750040F
:10B6D00005456399E7EE014B05456FF04FD8938719
:10B6E00081839C432E86945389E69756FF1F938649
:10B6F0002693AA853E856FF0CFB7011122CC26CACA
:10B700004AC806CE4EC6AA842E89328401C51C4D75
:10B7100091E3AD2997470000938707426317F4062A
:10B72000C0401C4C1CC45E24A18BC1C31C48B5CFB7
:10B730001C4808409379F90F1379F90F1D8D5C4867
:10B740006346F500A28526851D2625E51C440505D2
:10B75000FD171CC41C401387170018C02380370135
:10B760005C486388A7005E24858B81CBA94763165C
:10B77000F900A2852685E52C0DEDF24062444A854C
:10B78000D2444249B24905618280974700009387BD
:10B79000A73C6314F400804469B79747000093877F
:10B7A000A737E310F4F8C044ADBFA2852685B128C1
:10B7B00041D17D59D9B789CD9307F00F63F7C70001
:10B7C0009307A0081CC17D55828090A10545828009
:10B7D00001458280411122C42A842E85B285368695
:10B7E00097C7FF1F23A2071E06C6EF701FA1FD57B4
:10B7F0006319F50097C7FF1F9387071D9C4391C3EB
:10B800001CC0B24022444101828041119387818350
:10B8100026C2844322C44AC006C62A892E8489C40B
:10B820009C4C99E326859D26974700009387C73057
:10B83000631BF402C0400317C40093170701C183C0
:10B8400093F68700B5EA93F6070195EEA547232006
:10B85000F900136707045AA47D55B240224492446C
:10B86000024941018280974700009387E72E6314C5
:10B87000F4008044C9B7974700009387E729E31C89
:10B88000F4FAC0444DBF918B85C74C5891C99307BA
:10B8900044046385F5004A85EFE01FCD232A0402A6
:10B8A0005E242322040093F7B7FD5EA41C481CC04D
:10B8B0005E2493E787005EA41C4881EF5E24130793
:10B8C000002093F707286386E700A2854A85EF00EA
:10B8D00030405E2413F717001DC35C482324040086
:10B8E000B307F0401CCC1C480145A5FB8317C400DE
:10B8F00013F707083DD393E707045EA4B1BF898B14
:10B90000014791E3584818C4F9BF411122C42A8461
:10B910002E8597C7FF1F23A9070A06C6EF30F0251B
:10B92000FD576319F50097C7FF1F9387E7099C43ED
:10B9300091C31CC0B240224441018280DE25011126
:10B9400022CC26CA06CE4AC84EC613F78700AA8460
:10B950002E8461EFD841634DE000B841634AE000B6
:10B960000145F2406244D2444249B24905618280B5
:10B9700058547DD703A904009396370123A00400EF
:10B9800063DC060670485E24918B99C75C401D8E6F
:10B990005C5899C33C401D8E5C540C5081462685F2
:10B9A0008297FD575A24631DF5009440F54763E9DB
:10B9B000D706B70740208507B3D7D700858BADC31F
:10B9C0001C48232204001CC09317370163D80700CA
:10B9D000FD576314F5009C4091E368C84C5823A0C0
:10B9E0002401BDDD930744046385F5002685EFE05F
:10B9F000BFB7232A0402ADB70C5001468546268501
:10BA00000297FD572A86E310F5F89C40ADDF754795
:10BA10006385E70059476393E70423A0240189B7AE
:10BA2000136707045AA47D552DBF83A90501E38937
:10BA300009F203A905008D8B23A035013309394193
:10BA4000014791E3D84918C4E35C20F11C540C5021
:10BA5000CA864E86268582976347A0005E2493E7B8
:10BA600007045EA4C9B7AA993309A940F1BF9C494C
:10BA7000A5C3011122CC06CE2A8411C51C4D81E735
:10BA80002EC62922B245974700009387E70A639C98
:10BA9000F5004C408397C5009DC722856244F24063
:10BAA00005616FF0BFE9974700009387E70A639449
:10BAB000F5000C44C5B7974700009387E705E39B63
:10BAC000F5FC4C44C1BFF2406244014505618280EF
:10BAD00001458280411122C406C62A844EA572A562
:10BAE0002320050023220500232405002322050628
:10BAF00023280500232A0500232C05002146814523
:10BB00001305C505EF40CFE997F7FFFF938767E07F
:10BB10005CD097F7FFFF9387E7E21CD497F7FFFF0E
:10BB2000938707E75CD497F7FFFF938787E900D0F7
:10BB30001CD8B240224441018280970500009385C1
:10BB400045F399AA411126C2130680069384F5FF96
:10BB5000B384C4024AC02E8922C406C69385440712
:10BB6000EFE01FAB2A8401CD23200500232225010D
:10BB7000310508C4138684068145EF406FE22285B3
:10BB8000B240224492440249410182801C4DA5E703
:10BB9000411106C622C497070000938747FA1CD5B7
:10BBA0009387C1859C432324050423260504232869
:10BBB00005046314F50085471CCD2A84352848C048
:10BBC00022851D2808C42285052848C4484001460E
:10BBD0009145EFF03FF008440546A545EFF09FEF93
:10BBE00048440946C945EFF0FFEE85471CCCB240FA
:10BBF000224441018280828041119387C18526C2FF
:10BC000084434AC006C69C4C22C42A8981E7268503
:10BC1000EFF0DFF7938484048044DC40FD1763D6A3
:10BC200007009C40B9CF8440C5BF0317C40039E763
:10BC3000C177850723220406232004002322040061
:10BC4000232404005CC423280400232A0400232C9A
:10BC50000400214681451305C405EF406FD4232A13
:10BC60000402232C04022324040423260404228532
:10BC7000B240224492440249410182801304840666
:10BC800071BF91454A85EFF0FFEB88C049FDB14790
:10BC90002320F9000144E1BF797122D44AD052CC6B
:10BCA00056CA5AC85EC606D626D24ECE2A8AAE8A52
:10BCB000130485040149054BFD5B09ECB250225485
:10BCC0004A8592540259F249624AD24A424BB24BD7
:10BCD00045618280044483294400FD1963D409002E
:10BCE0000040E1BFDE24637BFB008397E4006387B1
:10BCF0007701A6855285829A3369A90093848406C8
:10BD0000E9BF10499306450113D75540B6876356DE
:10BD1000C7020A060A07FD8936963697B9C913087D
:10BD200047001843130300023303B3403357B700EF
:10BD3000636EC80098C311C391073387D740098742
:10BD400018C96394D700232A05008280832808003D
:10BD500091071108B398680033E7E80023AEE7FEC7
:10BD60000327C8FFE1B711078325C7FF910723AE5B
:10BD7000B7FEE36AC7FED1B7930705FD93F7F70F48
:10BD800025476367F70001159377F50F3E8582809D
:10BD90009307F5F993F7F70F954663E5F60013055A
:10BDA00095FBDDB71307F5FB1377F70F8147E3EF3B
:10BDB000E6FC130595FDC9BF1D71D6C2AA8A42854E
:10BDC00036C63AC286CECAC8D2C4DAC05EDE3E8B60
:10BDD0006ED63289AE8DA2CCA6CACEC662DC66DA39
:10BDE0006AD8A92D832B05005E85EFE0DFBDB38700
:10BDF000AB0083A60D0083C7F7FF7957158F3EC8A8
:10BE00002A8A93872600930600033306F700BE8430
:10BE1000850703C5F7FF32C4E309D5FEEFF0DFF570
:10BE2000631E05105286DE852685EFE0FFBA631C8F
:10BE30000510338C440103450C00EFF0FFF363055C
:10BE40000510E284930700038820630BF500EFF0F0
:10BE5000BFF2854793391500E28C3EC4268C21A0A1
:10BE60008504DDB7050C03450C00EFF0FFF07DF90C
:10BE70005286DE856285EFE03FB611E9639C0C00D7
:10BE8000529CE28C03450C00EFF01FEF5DE901448A
:10BE900063850C0033848C410A0483470C0013072C
:10BEA00000056387E70013060007E28C6390C7066E
:10BEB00083471C001307B002638BE7081307D00207
:10BEC000638BE708930C1C00014D03C50C00EFF0D9
:10BED000BFEA9307F5FF93F7F70FE14563E4F50831
:10BEE000930705FF850C03C50C003ECAEFF0DFE8A1
:10BEF0009305F5FF93F5F50F6148D247A948637E96
:10BF0000B80463040D00B307F0403E9423A09D01E4
:10BF1000638C0904A247814491E39944F640664446
:10BF200026854649D644B649264A964A064BF25BD0
:10BF3000625CD25C425DB25D256182808149814C48
:10BF400031BF050C81B7268C01448549B9B7014D35
:10BF5000930C2C009DBF054DE5BFB3871703AA972F
:10BF6000C11749B7E28C5DB7B3079C40FD17814507
:10BF70001D476344F70A5685C52B054693094501BD
:10BF8000B3074641AA8D4E8D8148814C3ECA63E974
:10BF9000840913054D0033053541098523209D0192
:10BFA00023A8AD00931455006685EF00A07C832B79
:10BFB0000900898C63D89B0CB3847441A6856E8577
:10BFC000EF00D06E2A8A05C91386F4FF93565640B7
:10BFD0008A06CE96944205473317C700758F054AE7
:10BFE00019CB6359CA009385E4FF6E85EF00106C8E
:10BFF0000D4A11E1094AA6856E85EFF09FD026947F
:10C0000003278900635F8708EE855685E5239247FD
:10C010009304300A23A0070011B78505858791BFD7
:10C020009307FCFF3EC40346FCFFC2476309F602C8
:10C03000930700026397F80023209D018148110DAA
:10C04000814C0345FCFF46CCEFF01FD3E2483D890D
:10C05000224333151501B3ECAC00910815A05247EB
:10C060009307FCFF3383E700E36493FC1A85528651
:10C07000DE8546CE1ACCEFE03F966243F2484DF99A
:10C080001A8C31B7014AE3DD74F7B3849B40EE8527
:10C0900026865685EF00F01AAA8D058C9309450176
:10C0A00085B7032749006355E40E33048740634591
:10C0B00074070327C9008946630AD7048D46630ABB
:10C0C000D7048546631BD70263998B026391EB0209
:10C0D00003274900B2479304200698C305479247B7
:10C0E00023A8ED0023A0E90023A0B70105BD938597
:10C0F000FBFF6E85EF00905B61FDEE855685DD29C7
:10C1000092479304000523A0070009BDE3170BFE27
:10C11000C1B7E31F0BFAD5B79304F4FF63180A06FF
:10C1200091C4A6856E85EF0070582A8A13D75440B3
:10C130000A074E9718438545B3959500F98D99C127
:10C14000136A2A00A2856E85B38B8B40EFF07FBB0C
:10C15000032449008944630B0A080327C900894660
:10C16000630AD7028D46630AD7028546631DD7004E
:10C1700013772A0009CB03A70900336AEA00137A70
:10C180001A00631E0A0093E404018DA0054A79BFDA
:10C190008544D1B70547330B6741E3060BFE83A9FE
:10C1A0000D0113874D01FD55139A290033064701F0
:10C1B00014436383B604850614C3894613874D016F
:10C1C0006394D40883260900FD16639F760193D6F5
:10C1D0005B408A06369718438546B39B7601B3FBCE
:10C1E000EB0063830B00854493E40402924723A091
:10C1F000B701B24780C31DB31107232E07FEE369C1
:10C20000C7FA03A78D0063C5E90283A54D005685D3
:10C210008505992E03A60D019385CD002A8B09066D
:10C220000A063105EFE02FA9EE855685E126DA8D65
:10C2300003A70D019306170011070A0723A8DD00C5
:10C240006E97854654C395BF83A60D0163DCD90064
:10C2500085456E85EFF0FFAA032789000504E354A6
:10C2600087F85DB393FBFB018544E38F0BF6529790
:10C270000325C7FF012313070002B30B7741E349EE
:10C2800075FD9DB7A1473386C7400A069306000295
:10C29000918E5C41184111053398D700336707012F
:10C2A000B3D7C700232EE5FE1CC1E364B5FE828030
:10C2B0001C416548850503C6F5FF850701E61CC1DD
:10C2C0000545828098239306F7FB93F6F60F636487
:10C2D000D80013070702E30FC7FC014582805D7198
:10C2E00052DC03AA0500A6C24EDE93545A405AD827
:10C2F0008A0486C6A2C4CAC056DA5ED662D466D2A2
:10C300006AD06ECE137AFA012A8BB289B294630393
:10C310000A00910483270B001389C4FF23AE04FE97
:10C32000CA8D4A840146814A814B214C930C0002FC
:10C330001D4D9433138717003AC0B1CA368532C6F3
:10C340003EC436C2EFF05FA3324659E59246A2479B
:10C3500063E8DC0263D47A036378B4016346CD00FA
:10C36000EE852285EFF01FF2214663F98900930DD7
:10C37000C4FF232E04FEDE8A6E840146824755BF29
:10C3800093059002639CB60889072320FB0063870E
:10C390000B086379B4019D4763C6C700EE8522850B
:10C3A000EFF05FEE63FA8904CE8711040327C4FF20
:10C3B000910723AEE7FEE37A89FE910723AE07FEDD
:10C3C000E37DF9FE8327090091E763173905854767
:10C3D0002320F9001545A1A00506850B6358CC0064
:10C3E000E3FE89F8232E04FE054671141C403D89A6
:10C3F0009207C98F1CC059B7E3060AFC93070002D5
:10C40000B38747417D5AB357FA0003AAC4FF337A72
:10C41000FA0023AE44FF7DB771196DB71145B640E0
:10C42000264496440649F259625AD25A425BB25B9C
:10C43000225C925C025DF24D616182801305050F02
:10C440008280411122C42A842E85B285368697B710
:10C45000FF1F23AB075606C6EF203075FD57631943
:10C46000F50097B7FF1F938727569C4391C31CC0C5
:10C47000B2402244410182801971A6DAAE848395CC
:10C48000E500A2DC86DE328463DB0500DE2423A027
:10C49000060093F7070885E7930700401DA03008C2
:10C4A00036C6EF208005B246E34205FE7247BD67FF
:10C4B000F98F7977BA9793B717009CC2F1BF9307AA
:10C4C00000041CC0F6506654D654014509618280B0
:10C4D000DE25011122CC06CE26CA4AC8898B2E84BD
:10C4E00089CF930774041CC01CC885475CC8F24000
:10C4F0006244D24442490561828074003000AA84BB
:10C50000EFF09FF7A2452A892685EFE06F9019E9A1
:10C510008317C40013F7072079FBF19B93E72700EB
:10C520005EA4C1B797F7FFFF938767619CD45E2431
:10C5300008C008C893E707085EA4A2475CC8B247D2
:10C5400081CF8315E4002685EF10707E11C55E242F
:10C55000F19B93E717005EA45E243369F90023166C
:10C56000240171B7828082805C51411122C44AC08B
:10C5700006C626C22A842E8989EF4145EFD05FEF97
:10C5800048D023220500232405002320050023266C
:10C5900005004450DC449DC7585093172900584764
:10C5A000BA97884329E18544B39424011386540043
:10C5B0000A0685452285EF00D01319CD23222501D7
:10C5C00004C525A01306100291452285EF007012C4
:10C5D0005C50C8C4DC47E9F30145B24022449244B0
:10C5E000024941018280184198C32328050023266F
:10C5F0000500E5B75C51011122CC06CE2A8499EFE3
:10C6000041452EC6EFD0DFE6B24548D023220500D3
:10C6100023240500232005002326050091C954503A
:10C62000DC4113972700DC46BA97984398C18CC326
:10C63000F24062440561828079714ECEAA894165DB
:10C6400022D426D22E84844906D64AD0D105014868
:10C650007D159C419105050833F7A7003307C702F4
:10C66000C183B387C702369793560701698FB69780
:10C6700093D60701C207BA9723AEF5FEE34B98FCA9
:10C68000A1C21C4463C7F4024C404E8536C68505E2
:10C69000EFF09FED10489305C4002A8909060A06A9
:10C6A0003105EFD05FE1A2854E85EFF0BFF4B246D1
:10C6B0004A84938744008A07A297D4C3850404C898
:10C6C0002285B250225492540259F2494561828027
:10C6D00079719387860052CC368AA54622D426D219
:10C6E0004ECE2E84B3C7D70206D64AD056CAAA89E0
:10C6F000B2848546814563CCF6044E853AC6EFF098
:10C70000BFE6324785471CC958C9A54763D497047B
:10C71000930A94005689269405098346F9FFAA8551
:10C720002946938606FD4E85EFF01FF1E31689FE3C
:10C73000138484FF5694268963414903B2502254DE
:10C7400092540259F249624AD24A45618280860671
:10C75000850555B72904A544F9BFB3079940A297A9
:10C760009423AA852946938606FD4E85EFF0DFECDB
:10C770000509D9B74177698FAA87014519E3C2072F
:10C780004145370700FF7D8F19E32105A2073707D1
:10C7900000F07D8F19E311059207370700C07D8FE8
:10C7A00019E309058A0763C90700139717000505F0
:10C7B000634407001305000282801C4113F77700D1
:10C7C0000DC393F61700014799E613F7270011C729
:10C7D00085831CC105473A85828089831CC109472E
:10C7E000DDBF93960701C182014799E2C1834147AA
:10C7F00093F6F70F99E22107A18393F6F70099E2E8
:10C800001107918393F6370099E20907898393F61C
:10C81000170081E68583050799C31CC16DBF130707
:10C82000000255BF411122C42E84854506C6EFF093
:10C83000BFD340C9B2402244054718C94101828094
:10C8400098491C4A797126D206D622D44AD04ECEB7
:10C85000AE846354F700B2842E8683A904010329B1
:10C8600006019C44CC403384290163D387008505AD
:10C8700032C6EFF07FCF3246130845011313240070
:10C880004293C28763ED6702938544019398290020
:10C890005106131E2900C166AE98329EFD166364D0
:10C8A000C60363568000711383270300F1CB00C9D0
:10C8B000B250225492540259F2494561828023A019
:10C8C00007009107C1B7832F0600B3FFDF00638A1B
:10C8D0000F04428FAE82814403A7020083230F001E
:10C8E000110FB37ED700B38EFE03B3F7D30093D3FB
:10C8F00003019102BE9E93570701B387F703A69EDB
:10C9000013D70E01B3FEDE009E97BA9793D40701AA
:10C91000C207B3E7D701232EFFFEE3EF12FB23206C
:10C920009F0083522600638A020483270800C28E78
:10C930002E8F814F03270F0083D32E00F58F758F25
:10C9400033075702910E110F1E977E97931F070111
:10C95000B3E7FF0023AEFEFE8357EFFF83AF0E0069
:10C960004183B3875702B3FFDF00FE97BA9793DF87
:10C970000701E3611FFD23A0FE001106110805B7A2
:10C980007D1405B7011126CA4AC84EC606CE22CC70
:10C9900052C4937736002A89B284AE8989CFFD17B5
:10C9A000173700001307872C8A07BA9790438146F0
:10C9B000EFF09FC8AA898984A5CC8327490291EF0B
:10C9C0004145EFD0FFAA2322A902232205002324F8
:10C9D00005002320050023260500032A490203241D
:10C9E0008A0019E8930510274A85EFF0BFE3232456
:10C9F000AA002A842320050093F7140081CFCE8556
:10CA000022864A85EFF0DFE32A8ACE854A85EFF059
:10CA10007FBED289858489CC084009E92286A28517
:10CA20004A85EFF0FFE108C0232005002A84E9B71A
:10CA3000F24062444E85D2444249B249224A0561DD
:10CA40008280797126D2AE844ECE83A9040122D48D
:10CA5000CC41135456409C44A2994AD056CA06D69B
:10CA600052CCAA8A1389190063C42709568532C695
:10CA7000EFF09FAF3246930745012A8ABE860147F1
:10CA80009106634A870663530400014494480A04EC
:10CA9000338787008A06938744017D8ABE9625C224
:10CAA000130800023308C8408145884311079107E5
:10CAB0003315C500C98D232EB7FE83A5C7FFB3D597
:10CAC0000501E3E4D7FE0CC399C1138929007D1940
:10CAD00023282A015685A685EFF0DFB1B2502254F3
:10CAE000528592540259F249624AD24A4561828083
:10CAF0008505860795BF23AE06FE050751B791074A
:10CB000003A6C7FF1107232EC7FEE3EAD7FEC1B76E
:10CB10001C499849998F8DE30A075105D105B30641
:10CB2000E500BA95F116F115904298416308E600C8
:10CB3000FD576363E60085473E858280E364D5FE4A
:10CB4000E5BF011126CAAE844EC6B285AA892685E4
:10CB500022CC06CE4AC83284EFF09FFB05E1814526
:10CB60004E85EFF07FA085471CC9232A0500F240BF
:10CB70006244D2444249B249056182800549634614
:10CB80000500A28701492684BE844C404E85EFF003
:10CB9000BF9D0323040183A8040113064401131E4F
:10CBA0002300138844018A08C16E23262501329E82
:10CBB000C29893064501014FFD1E1842832F0800BD
:10CBC0009106B375D701B3F7DF01FA959D8D93DF19
:10CBD0000F0193570701B387F74113D70541BA9760
:10CBE00013DF0741B3F5D501C207CD8F110823AE7E
:10CBF000F6FE1106E36318FDC165FD156368C60105
:10CC0000F1169C4295C72328650095B71C429106F2
:10CC1000110633F7B7007A9713580741C183C297BB
:10CC200013DF07416D8FC207D98F23AEF6FEF9B728
:10CC30007D13F9B7B707F07FFD8DB707C0FCBE9530
:10CC40006355B00081473E858280B305B04093D7DD
:10CC500045414D476347F700B7050800B3D5F54098
:10CC6000D5B71387C7FEF94681458547E3CDE6FC76
:10CC7000B7070080B3D7E700F9B7797126D2044926
:10CC80004ECE930945018A04CE9422D403A4C4FF56
:10CC90004AD02EC6228506D6EFF0DFADB245930707
:10CCA0000002898F9CC1A9471389C4FF63CDA702E5
:10CCB000AD47898F3707F03FB356F400D98E01474F
:10CCC00063F4290103A784FF55053315A400B35766
:10CCD000F700C98FB250225492540259F2493E854E
:10CCE000B68545618280814763F6290183A784FF69
:10CCF000138984FF551505C9130700023306A740A1
:10CD000033D7C7003314A400598CB706F03FC18E47
:10CD1000014763F429010327C9FFB397A7003357DD
:10CD2000C700D98F45BFB706F03FC18E65B779718F
:10CD300022D42E84854526D24AD0B2844ECE52CCFF
:10CD40003A8906D6368AEFF03F82370710009307FC
:10CD5000F7FFE58FD18093F4F47FAA89B5E03EC652
:10CD60002DC4280022C4EFF05FA5A24621CD324792
:10CD700093070002898FB317F700D58F3357A700A9
:10CD800023AAF9003AC6324423AC89003334800028
:10CD9000050423A88900B9C49384D4BCAA9493073A
:10CDA000500323209A003385A7402320A900B250C6
:10CDB00022544E8592540259F249624A456182805A
:10CDC000D98F71BF23AAD9007DBF6800EFF0FF9E05
:10CDD000B24713050502054423AAF900854723A895
:10CDE000F90055BF931724001305E5BCCE97232007
:10CDF000AA00884B1604EFF0FF97098C23208900C6
:10CE00007DB779714AD02E892C0006D622D426D23D
:10CE10004ECE52CC2A8AEFF05FE6AA89AE842E84E9
:10CE20004A856C00EFF07FE58327090103270A019B
:10CE3000A2461D8FB24716079D8EB307D7006355D4
:10CE4000F002D2072E86338497003287A2852A8685
:10CE5000BA864E85EF10F06AB250225492540259AD
:10CE6000F249624A456182803707F0FFB387E702E3
:10CE70003386B700D9BF9387F5FF184A9587850792
:10CE80008A07930646010A07AA97369763E5E600E4
:10CE9000636AF5008280910603A6C6FF1105232E62
:10CEA000C5FEEDB71105232E05FEDDB7144993D756
:10CEB00055401307450163C7F60263DFD700FD89BC
:10CEC00081CD93962700BA9690420545B356B60099
:10CED000B395B600631EB6008A07BA976366F7007B
:10CEE00001458280B687CDBFF1179443E5DA054549
:10CEF00082803386C502011122CC06CEB28532C6AD
:10CF0000EFD00FF12A8409C532468145EF304FA991
:10CF10002285F24062440561828081E5B2856FD04E
:10CF20002FEF011122CC06CE26CA4AC84EC6328443
:10CF300001EEEFD06FE30149F24062444A85D244EA
:10CF40004249B24905618280AE84AA89EF10206708
:10CF50002689E37385FEA2854E85EFD06FEB2A8983
:10CF600061DDA6852286EFD00FD5A6854E85EFD050
:10CF7000AFDFD9B701114AC803A9850022CC52C43A
:10CF80005AC006CE26CA4EC656C22E84328B368A68
:10CF900063E92609DE2513F7074851C304408C498D
:10CFA0005848AA8AB389B4408D44B384E40209473F
:10CFB000B3C4E402138716004E9763F3E400BA8407
:10CFC00093F70740BDCFA6855685EFD06FE42A8939
:10CFD0001DE1B14723A0FA005E247D5593E70704C5
:10CFE0005EA4F2406244D2444249B249224A924A83
:10CFF000024B056182800C484E86EFD0CFCB5E2479
:10D0000093F7F7B793E707085EA42328240144C8E1
:10D010004E99B38434412320240104C4528963739C
:10D020002A01528908404A86DA85EF10E0541C44F0
:10D030000145B38727411CC41C403E99232024018D
:10D040004DB726865685EFF05FED2A895DFD0C48C9
:10D050005685EFD06FD1B5BFDE25717126D34AD189
:10D060004ECF06D722D552CD56CB5AC95EC762C520
:10D0700066C393F70708AA892E89B284B9C39C496D
:10D08000A9E39305000436C6EFD08FD82320A9006A
:10D090002328A900B24615E1B14723A0F9007D5528
:10D0A000BA502A549A540A59FA496A4ADA4A4A4BF7
:10D0B000BA4B2A4C9A4C4D61828093070004232A74
:10D0C000F90093070002A30CF1029307000302DAB0
:10D0D000230DF10236CE930B5002973A0000938A4B
:10D0E000AAB9054C294B26841C2099C3639977095A
:10D0F000B30C9440638E0C00E6862686CA854E8566
:10D10000EFF05FE7FD57630BF518D256E69636DA77
:10D110001C2063850718FD579304140002D002D623
:10D120003ED202D4A301010682DC8C20154656852E
:10D13000EF10004313841400825721E513F7070111
:10D1400009C713070002A301E10613F7870009C707
:10D150001307B002A301E10694201307A002638A1B
:10D16000E602B2572684814625461820930514000E
:10D17000130707FD6372E6068DC63ED61DA00504A3
:10D18000A5B7330555413315AC00C98F3ED0A284F5
:10D1900069BF724793064700184336CE63470702BC
:10D1A0003AD618209307E002631DF704183093075E
:10D1B000A002631BF702F2470904138747009C4350
:10D1C0003ACE63C107023ED22DA83307E04093E771
:10D1D00027003AD63ED0F1B7B387670385462E8441
:10D1E000BA9761B7FD57C5B7050402D2814681479A
:10D1F0002546182093051400130707FD6376E606FD
:10D20000F9F20C200D4617350000130565A7EF1045
:10D21000203511CD97370000938787A61D8D930782
:10D220000004B397A700025505045D8D2AD00C2099
:10D230001946173500001305E5A493041400230CC8
:10D24000B102EF10E03125C59737FFFF938787DBE9
:10D2500095E70257F2471377071009CF91073ECEA3
:10D26000D257D2973EDA41B5B387670385462E84FD
:10D27000BA9741B79D07E19BA107D5B778089706F4
:10D280000000938666CF4A860C104E8597000000FA
:10D29000E7000000FD572A8AE314F5FC8357C90014
:10D2A0007D5593F70704E39D07DE5255D5BB7808FB
:10D2B00097060000938646CC4A860C104E85EF00F8
:10D2C000D008C9BF411106C622C426C24AC0FD57B4
:10D2D000639AF500FD54B2402244268502499244E7
:10D2E000410182805E2613F9F50F93F4F50F93F751
:10D2F000F7FD5EA65C5A584285C71C5E3284635CAB
:10D30000F7001C401387F7FF18C0A38F27FF5C406E
:10D3100085075CC0C9B7B285EF10C0157DD15DBF70
:10D32000144A1C4281CE63FBF60083C6F7FF639765
:10D330009600FD1705071CC258C271BF5CDE93073B
:10D3400046045CDA8D471CDE930766041CC28547E1
:10D3500038C2230326055CC2BDBF411122C42E84FE
:10D36000CC5906C69DC1930744046384F500EFD0F1
:10D37000AF9F3C40232A04025CC081CB5C5C01452A
:10D380001CC0B2402244410182801C482322040078
:10D390007D551CC05E2493E707025EA4DDB7130130
:10D3A00001D297070000938727F22326312D232CE3
:10D3B000F1289309C10197070000938747FA232CAE
:10D3C000812C232A912C2328212D2324412D232213
:10D3D000512D2320612D232E712B232C812B232EC5
:10D3E000112C232A912B2328A12B2326B12BAA848D
:10D3F0002E84232401122326011223283113232EE5
:10D40000F12836CC130A5002130BA002A54B294970
:10D41000973A0000938ACA86173CFFFF130C8CBE14
:10D420001C2232C6638E0730EFD00F833246834D05
:10D430000600930C16006E951C31A18BA1C35C40B5
:10D440006357F002EFD04F811C4098233A95183172
:10D45000218B19E36686E9B70327C11285071CC033
:10D4600005072326E11258407D1758C0C9BF8327FE
:10D47000C129A2852685829771D5E9BF63984D178A
:10D4800023220112232E01101C3263976701C1472A
:10D49000232EF110930C260083C50C00668D850C9D
:10D4A000938705FD63F0FB060D465685EF10400B94
:10D4B00001CD330555418547B397A7000325C11119
:10D4C000668D5D8D232EA11083470D001307700616
:10D4D000930C1D006366F7081307500663FDE71AF7
:10D4E00013077004636AF7021307500463F5E71A21
:10D4F00063890712638C470F8D47232AF11223207B
:10D50000211361A083274112B307F902938707FD16
:10D51000AE972322F11249B71307B0056381E712D2
:10D520006365F70213078005E398E7FC0327C11141
:10D5300013670720232EE11041472320E112130730
:10D54000E006B337F7008D073DA813073006638563
:10D55000E71013074006E391E7FA23202113C5B72C
:10D56000130700076381E70C6364F7061307E006FF
:10D57000638DE70E6360F70C13079006E39EE7F6F2
:10D58000232001128D47232AF1125C406357F010CB
:10D590008327C11193F7070491EBEFC0FFEB1C4009
:10D5A00098233A951831218B631107108327411373
:10D5B00009476341F712340822866C0A2685EF007A
:10D5C00010038547630EF5168947E315F5E8B9A002
:10D5D00013075007E383E7F813078007E388E7F4AE
:10D5E00013073007E39AE7F0894771BF5C40635146
:10D5F000F0021C4098236315B715850758401CC0DE
:10D600008327C1127D1758C085072326F11299B5CB
:10D610008327C129A2852685829761DD0325811292
:10D6200079ED7D55CDA00327C11113670702232E85
:10D63000E110EDBDA1472320F1129147A9B7E6857E
:10D640004E85EF00B0318327C111AA8C93E7070400
:10D65000232EF110854705BF8327C111232A01120C
:10D6600093E70704232EF1100DB78327C11113F799
:10D670000701E31107DE624793F517008326C11205
:10D680001306470089C532CC1C4396A3E1B332CCC4
:10D690001C4394C3C1B39547FDB58327C129A28517
:10D6A00026858297E30605EE95BF0327C11205077D
:10D6B0002326E11258407D1758C06355E0008507C6
:10D6C0001CC0E1BD8327C129A28526858297E30678
:10D6D00005ECA9B711476349F700340822866C0AA4
:10D6E0002685EF00E07EF1BDE3060CD634082286E5
:10D6F0006C0A268597000000E7000000D9B55E247B
:10D7000093F7070499FF8320C12D0324812D8324DF
:10D71000412D0329012D8329C12C032A812C832A21
:10D72000412C032B012C832BC12B032C812B832C0D
:10D73000412B032D012B832DC12A1301012E828041
:10D7400003258112C9B71C46FD171CC663DA070002
:10D75000184E63C5E700A9476394F5006FD0FFF941
:10D760001C422E851387170018C28CA382800111DA
:10D7700022CC26CA4AC84EC652C406CE2A89AE89D1
:10D780003284B304D6007D5A63149400014509A87D
:10D790000C204E864A85EFF01FFB0504E31645FF7B
:10D7A000F2406244D2444249B249224A0561828031
:10D7B000357122CD26CB4AC94EC706CF52C556C3B6
:10D7C0005AC1DEDEE2DCE6DAAA89AE84328936842A
:10D7D00009C51C4D99E3EFE06FBB972700009387C5
:10D7E000A7356399F40C83A44900DE24A18BEDC70F
:10D7F0009C48FDC393070002A304F10293070003B2
:10D8000002D22305F10222C6930B5002972A000090
:10D81000938A8A46054C294B4A841C2099C36390FD
:10D82000770FB30C2441638E0C00E6864A86A685EA
:10D830004E85EFF0DFF3FD576302F51E9256E69634
:10D8400036D21C20638C071CFD571309140002C834
:10D8500002CE3ECA02CCA309010482D4834509004A
:10D8600015465685EF00D04F13041900C24751E901
:10D8700013F7070109C713070002A309E10413F70F
:10D88000870009C71307B002A309E1048346090012
:10D890001307A002638FE606F2474A8481462546B5
:10D8A000182093051400130707FD6377E60AB5CA2D
:10D8B0003ECE85A8972700009387072A6395F4003A
:10D8C00083A489001DB7972700009387E724E39E70
:10D8D000F4F083A4C90011BFA6854E85EFD0FFF2F6
:10D8E00011D97D55FA406A44DA444A49BA492A4A6C
:10D8F0009A4A0A4BF65B665CD65C0D618280050431
:10D9000029BF330555413315AC00C98F3EC8228964
:10D91000B1B7324793064700184336C6634707023C
:10D920003ACE18209307E002631DF70418309307DE
:10D93000A002631BF702B2470904138747009C4308
:10D940003AC663C107023ECA2DA83307E04093E7F9
:10D9500027003ACE3EC8F1B7B387670385462E84C9
:10D96000BA973DBFFD57C5B7050402CA8146814736
:10D970002546182093051400130707FD6376E60675
:10D98000F9F20C200D46172500001305652FEF0056
:10D99000303D11CD972700009387872E1D8D93076B
:10D9A0000004B397A700424505045D8D2AC80C20EA
:10D9B0001946172500001305E52C1309140023044C
:10D9C000B102EF00F03935C19727FFFF93878763D6
:10D9D00095E74247B2471377071009CF91073EC634
:10D9E0009257D2973ED20DBDB387670385462E84EA
:10D9F000BA9741B79D07E19BA107D5B77800970675
:10DA00000000938606D726860C084E8597000000F6
:10DA1000E7000000FD572A8AE314F5FCDE2493F7A3
:10DA20000704E39007EC125575BD780097060000D7
:10DA3000938626D426860C084E85012AE1BF79718B
:10DA400056CA9C49BA8A984522D426D24ECE52CC88
:10DA500006D64AD05AC85EC6AA892E84B284368AAF
:10DA600063D3E700BA879CC00347340419C3850712
:10DA70009CC01C4093F7070281C79C4089079CC04B
:10DA80000329040013796900631A0900130B940138
:10DA9000FD5B5C449840998F634CF9041C408346BD
:10DAA000340493F70702B336D000A5EB1306340411
:10DAB000D2854E85829AFD576303F5041C401146BA
:10DAC0009840998B544481446397C700B384E640DF
:10DAD00063D3040081441C4418486354F700998FB1
:10DAE000BE94014969047D5B63982405014509A83A
:10DAF00085465A86D2854E85829A631E75017D556C
:10DB0000B250225492540259F249624AD24A424BCC
:10DB1000B24B456182800509ADBF3307D4001306BF
:10DB20000003A301C7040347540493871600A29778
:10DB30008906A381E7049DBF85462286D2854E854E
:10DB4000829AE30E65FB050945B7797122D426D286
:10DB50004AD04ECE06D652CC56CA5AC8B689942D53
:10DB6000930790063289AA842E8413863504638D28
:10DB7000F60263E2D706930780056387F61863ED24
:10DB8000D700638F062093073004638FF60A930A49
:10DB900024042301D404D1A0930730066386F60A37
:10DBA00093074006E395F6FE1C40084393F60708EA
:10DBB00093054500CDC61C410CC363D8070013076D
:10DBC000D002B307F040A301E40497260000938637
:10DBD000E60B29476DA8930700076383F61663E5F4
:10DBE000D7029307E006638AF6189307F006E390DE
:10DBF000F6FA0C401C4313F8050813854700630828
:10DC0000080608C39C438DA893075007E383F6FEDC
:10DC100093078007638AF61293073007E399F6F6B5
:10DC20001C43D04181459386470014C383AA070053
:10DC30005685EF00F01201C53305554148C05C40E0
:10DC40001CC8A301040461A81C43930A24049386FE
:10DC500047009C4314C32301F4048547D5B793F6CA
:10DC600007041C410CC3B1DAC207C187B9B793F5E9
:10DC7000050408C3C1D99E231307F0066387E60E87
:10DC800097260000938686002947A30104044C4090
:10DC90000CC463C5050008406D9908C099E3B28AB9
:10DCA00089CDB28AB3F5E702FD1AB6958C2123809F
:10DCB000BA00B3D5E70263F0E70CA147631EF70093
:10DCC0001C40858B91CB58401C4863C7E7009307E5
:10DCD0000003A38FFAFEFD1A3306564110C84E8783
:10DCE000CA867000A2852685EFF07FD57D5A631D18
:10DCF000450B7D55B250225492540259F249624A62
:10DD0000D24A424B45618280A382D5049726000007
:10DD10009386C6F70C40084313F805081C4111050B
:10DD2000630D080208C313F7150001C793E5050248
:10DD30000CC04147B9FB0C4093F5F5FD0CC0B1B7E1
:10DD40009C4193E707029CC193078007A302F40458
:10DD5000972600009386C6F475BF13F8050408C320
:10DD6000E30308FCC207C1837DBF972600009386AA
:10DD7000E6F1214719BFAE8735B794411C43CC4922
:10DD800013F80608138547006306080008C39C4380
:10DD90008CC339A008C393F606049C43F5DA8EA31E
:10DDA00023280400B28A25BF14485686CA852685D2
:10DDB0008299E30045F51C40898B8DE7B2474844C2
:10DDC000E35AF5F23E853DB785465686CA852685D7
:10DDD0008299E30065F3050A5C443247998FE34575
:10DDE000FAFEE9BF014A930A94017D5BF5B79C45B1
:10DDF000011122CC26CA52C406CE4AC84EC656C20B
:10DE00005AC02A8A2E84B28491E7984D854711C35F
:10DE1000FD571CC41C40C18B99E79C4213874700E7
:10DE200098C283A907000149854A094B084C0DC5D2
:10DE3000631F55079C4098235C48BA979C2389EF41
:10DE400063170904F2406244D2444249B249224A6B
:10DE5000924A024B056182801C400509C18B91E703
:10DE60009C4085099C23A38FF9FE9840DC40050760
:10DE700098C01844FD17DCC07D1718C409CBE347D0
:10DE8000F0FA83270418A6855285829745D11C4055
:10DE9000C18B81EB5C4485075CC41C4C99C3238017
:10DEA00009001C4801453E992328240161BF631ADB
:10DEB0006501EFC06FDA9C409C233E951C31A18B1D
:10DEC000C1DFE31609FC084C8547E312F5FC9DBF52
:10DED0005D7197270000938727DFCAC03EC236894D
:10DEE000971700009387075C944D3EC49727000066
:10DEF0009387C7DDA2C44EDE5AD86ECE3EC686C614
:10DF0000A6C252DC56DA5ED662D466D26AD08D479B
:10DF1000AA892E84B28D170B0000130B8B546396C5
:10DF2000F600170B0000130B6B3F1C449306C01543
:10DF3000014A1386F7FF63F7C600138A37EA93078F
:10DF4000D0151CC41C408566938606D09304C4017A
:10DF5000D58F1CC0130C4100A68A814B930C002066
:10DF600083A70D0003250C0009468C23D52B39CD42
:10DF70008547639EFB0C5C4099E71C40214758C0D5
:10DF800093E707201CC01C4093F7F7AF1CC01C444C
:10DF90001386F7FF10C49DCB03A60D00138D1A0046
:10DFA0009307160023A0FD0010222380CA0003A6B9
:10DFB0004D00EA8A7D1623A2CD006349C0000326E6
:10DFC0000418EE854E85029663180510850B8D4763
:10DFD000110CE397FBF85C4099E3A9475CC05C40F7
:10DFE0004848972500009385E5CD9D8DFD7B056C08
:10DFF000568DAD22814A930C0003938BFB6F130C5B
:10E000000C8014441040BDCE03A50D004C480348BD
:10E010000500C2958C21BDC563189805B3758601AE
:10E02000A1C5850A63050A0085067D1A14C483A666
:10E030004D00FD1623A2DD006350D00483A60D0021
:10E04000850623A0DD001444FD1614C45DBF894776
:10E05000E39FFBF21C4013F60760E31996F7414774
:10E0600058C093E707101DB73376760110C014210E
:10E07000050DA30FDDFE65BF83260418EE854E85D2
:10E08000829671D1144093F6061085C263FCA401F8
:10E090008345FDFF8326C417130AFDFF6E864E8558
:10E0A0008296528D0545630E9D041840418B39E3DD
:10E0B00023000D0054400146A6854E85029B144066
:10E0C0000327090013F6060211CA9306470023200E
:10E0D000D900184308C321A8814A6DB793F51600EB
:10E0E0001306470095CD2320C90018430AA35844BE
:10E0F000050758C41C48B3049D40D694BE9404C878
:10E100000145B640264496440649F259625AD25A0D
:10E11000425BB25B225C925C025DF24D6161828087
:10E120002320C9007DB7411122C42A842E85B285DF
:10E13000368697A7FF1F23A9078806C6EF10E0279A
:10E14000FD576319F50097A7FF1F9387E7879C4347
:10E1500091C31CC0B2402244410182809C2113071C
:10E16000E0056386E70413871500814601469305A1
:10E1700000103308C5002300D8000506E31BB6FED7
:10E180001306F7FF9DC393C616009308D002130829
:10E19000D0053306F50014A20C2313061700638381
:10E1A00015036384050189E93A86328582801387E5
:10E1B00025009C3185465DBFAE873287D9BF930766
:10E1C000D002E5BF0C33E38C05FFE3CAF5FE090777
:10E1D00085073306F50014A2E3CCB7FE75BF79714D
:10E1E0004AD04ECE06D622D426D2AA892E899304AE
:10E1F000190003C4F4FF3A8536C632C42EC23AC0B1
:10E20000EFC02FA522951C3102479245A18B2246D3
:10E21000B246D1E39307D0026311F4089C20054372
:10E2200093042900E5C641476390E6021307000303
:10E23000639CE7009C201307800593F7F70D63921A
:10E24000E70C9C30C1468904B708008063140300C2
:10E2500093C8F8FF33FFD80201480145A54FE54EAA
:10E26000FD5233DED802138707FD63E3EF04BA875C
:10E2700063DED704630D58007D58636AAE006314F3
:10E28000AE006346FF0005483385A6023E9585042F
:10E2900083C7F4FFC9BF268999BF9307B0026305FE
:10E2A000F400A2870143BDBF9C2093042900DDBF79
:10E2B0001387F7FB63E5EE00938797FC55BF138741
:10E2C000F7F963E5EE00938797FA5DB7FD57631F93
:10E2D000F8009307200223A0F900468519EEB250FA
:10E2E000225492540259F24945618280630403002A
:10E2F0003305A0406DD6630408009385F4FF0CC27B
:10E30000F9BF93070003A9F2A1463DBF130700031D
:10E31000E382E7F2A9460DBF938781839C4398531C
:10E3200009E71727FF1F1307A7CF6FF05FEB79717E
:10E330004AD04ECE06D622D426D2AA892E8993045C
:10E34000190003C4F4FF3A8536C632C42EC23AC05F
:10E35000EFC02F9022951C3102479245A18B224697
:10E36000B246A5EF9307D002631BF4069C20054339
:10E3700093042900F9CE41476390E6021307000396
:10E38000639CE7009C201307800593F7F70D639DBE
:10E39000E70A9C30C14689047D57335ED7020148A5
:10E3A0000145254FE54EB378D702138707FD636318
:10E3B000EF04BA8763D0D706634C08047D58636ABC
:10E3C000AE006314AE0063C6F80005483385A602AC
:10E3D0003E95850483C7F4FFC9BF26898DB793078F
:10E3E000B0026305F400A287014369B79C2093043F
:10E3F0002900DDBF1387F7FB63E5EE00938797FCE9
:10E4000055BF1387F7F963E7EE00938797FA5DB777
:10E410007D58C1B7635F08009307200223A0F9006D
:10E420007D5519EEB250225492540259F249456179
:10E430008280630403003305A0406DD663040800A6
:10E440009385F4FF0CC2F9BF93070003B1F6A14610
:10E45000A1B713070003E387E7F2A94635BF938707
:10E4600081839C43985309E71727FF1F130747BB76
:10E470006FF0FFEB011122CC2E84CC5906CE26CAB8
:10E480004AC84EC652C4930744046392F5049305E8
:10E490000040EFC0EF9711E97D55F2406244D2444D
:10E4A0004249B249224A05618280930700401CDC40
:10E4B0008347640448D81305D53F3CA183475404DF
:10E4C0001CB1834744041CA108C00145F9B70329C6
:10E4D0008403931919004E86EFE03FA4AA844DDD12
:10E4E000330A2501AA854A865285EFB0DFFC232036
:10E4F000440144D8232C3403C9BF411122C42A84C7
:10E500002E85B2859797FF1F23A0074C06C6EF0004
:10E51000D067FD576319F5009797FF1F9387C74A88
:10E520009C4391C31CC0B2402244410182804111EE
:10E5300022C42A842E859797FF1F23A7074806C663
:10E54000EF00B065FD576319F5009797FF1F93879C
:10E55000A7479C4391C31CC0B24022444101828022
:10E5600093F5F50F2A966314C500014582801C219E
:10E57000E38EB7FE0505C5BF63F1A504B386C500EC
:10E58000637DD5029345F6FF8147FD176393F50040
:10E5900082803387F600034807003387C7002A9735
:10E5A00023000701DDB73387F50014233307F50097
:10E5B000850714A3E319F6FE82808147E5BF83A790
:10E5C000C5FF1385C7FF63D50700AA959C413E95FB
:10E5D00082803708100001117D183377B80026CAF1
:10E5E0003378D80093D4450113D34601131E370066
:10E5F0004EC61357D5010E089357D60193F4F47FF6
:10E600001373F37F06CE22CC4AC893D9F50193DE6B
:10E61000F6013367C701131F350033E80701931F65
:10E620003600338E64406380D9196356C013630487
:10E63000031CB70680009307F07F3368D800638F10
:10E64000F4369307800363C0C735FD4763CDC747E2
:10E65000130500023305C541B3D7CF01B316A80097
:10E660003399AF00DD8E33392001B357C80133E948
:10E6700026011D8F33092F41B3372F013306F74091
:10E680009317860063D40724370780007D173374FF
:10E69000E600630C042C2285EFB0DFD4130785FF5E
:10E6A00093070002998FB357F9003316E400D18F16
:10E6B0003319E9006341972A330597401306150083
:10E6C0007D47634DC73813070002118FB356C90049
:10E6D0003319E9003397E700558F33392001336947
:10E6E000270133D6C70081449377790081CF137710
:10E6F000F90091476308F7001307490033392701F0
:10E700004A963A899317860063D6071C138514002E
:10E710009307F07FCE856304F520B70780FFFD17D0
:10E72000F18F9398D70113593900A607B3E8280150
:10E73000B1831375F57F9396C7005205F24062448A
:10E74000B182FE05C98ECD8ED2444249B24946857A
:10E75000B68505618280631E0E0A1383140013734D
:10E76000E37F63170322B367E701B368F801639D92
:10E77000041A63870740638608443309FF41B307DF
:10E78000074133362F013386C7409317860063D67F
:10E79000074C3389EF41B307E84033B62F01338686
:10E7A000C740F68991B76350C00F6300030CB706EA
:10E7B00080009307F07F3368D800638AF43A9307A8
:10E7C000800363CBC713FD4763DFC73513090EFE14
:10E7D00093070002B3562801630AFE0013090004E0
:10E7E0003309C94133192801B3EF2F013339F0013F
:10E7F0003369D90031A2B367F801638A071C930714
:10E80000FEFF638C07389306F07F6309DE1A3E8EA5
:10E810000DBDB305934063910422B367E70163879D
:10E8200007329387F5FF638107449306F07F638C7B
:10E83000D520BE859307800363CCB72AFD4763CFFD
:10E84000B73C930700028D8F3319F700B356BF0012
:10E85000B317FF003369D900B337F0003357B7005F
:10E860003369F9003308E84041ACB367F8016380CD
:10E8700007349307FEFF638A07209306F07F63083F
:10E88000DE2E3E8E2DBF631E0E149386140093F76A
:10E89000E67F63910734B367E7016395042C6380D7
:10E8A000073EB367F801638E07303309FF01B307F2
:10E8B0000701333FE9013386E7019317860063D7E9
:10E8C0000700B70780FFFD177D8E85449377790099
:10E8D000E39F07E09317D60193583900B3E8F80097
:10E8E000935736001307F07F638DE404B207B183BA
:10E8F00013F5F47FCE8581B53369F80133392001F2
:10E900007A99B337E9013386E70093178600E3DF8E
:10E9100007FA85049307F07F6396F418CE851305F4
:10E92000F07F8147814801BDC1EB6384083A9316AB
:10E9300036009317D8018D82B3E8D700F689935734
:10E940003800B3E7F800F9DB81451305F07FB7071E
:10E9500008008148CDB3370680FF7D167D8E937702
:10E960007900998CE39507D8B5B74A85EFB09FA792
:10E9700013078501FD47E3D5E7D2130685FFB317DB
:10E98000C900014905BB3369F80133392001DDB104
:10E990003309FF413306074133342F0133048640E6
:10E9A0009317840063CD0724B3688900E39308CEEE
:10E9B0008147814981441DBFE39808F80E059317EC
:10E9C000D7010D81B3E8A700935737009DBF0E050F
:10E9D0009317D7010D81B3E8A700F284935737004E
:10E9E00011B73305934063820412B7068000930782
:10E9F000F07F558F630DF32E9307800363CBA72021
:10EA0000FD4763C3A72A93070002898F3319F700D4
:10EA1000B356AF00B317FF003369D900B337F00026
:10EA20003357A7003369F9003A987E99B337F90153
:10EA3000338607019A84D1BDB70680009307F07F23
:10EA4000558FE319F3DE931736008D839318D801A1
:10EA5000B3E81701F68993573800E5B5130715FE9B
:10EA60009306000233D7E700630AD600930600043A
:10EA70003386C6403396C7003369C9003339200155
:10EA80003369E9000146814491B53309FF01B307B9
:10EA900007013336E9013E96931786008544E3D794
:10EAA00007E28944B70780FFFD17F18F135719005C
:10EAB00013791900336927019398F70133E9280185
:10EAC00013D6170015B113090EFE93070002B356B3
:10EAD0002801630AFE00130900043309C9413319F0
:10EAE0002801B3EF2F013339F0013369D90059B64A
:10EAF0003369E7013339200133892F41B3B72F013F
:10EB00003306F8409A84F689A5BEB367E7016382AD
:10EB100007189307F5FF6384071C9306F07F6304CF
:10EB2000D5123E85D1BD93070002B387C741B31606
:10EB3000F8003399FF0033D6CF01D18E333920014D
:10EB4000B357C80133E926013E975DBB93173600E2
:10EB50008D839318D801B3E81701AE84935738001A
:10EB6000F68949B3EDC33369F801E31F09DC0E05EB
:10EB70009317D7010D81B368F50093573700D1B3D0
:10EB80006381080E931636009317D8018D82B3E87F
:10EB9000D700F6899357380091BB3309FF41B3077B
:10EBA0000741333F2F013386E7418544D1BC0E0531
:10EBB0009317D7010D81B368F500F284935737009E
:10EBC00015B30E059317D7010D81B3E8A70093572E
:10EBD000370029BB9307F07FE382F6D43309FF01A6
:10EBE0003336E901B3070701B2979398F701135938
:10EBF000190033E9280113D61700B684C1B9338947
:10EC0000EF413307E84033B62F013304C740F6899C
:10EC100049B43369E7013339200101BD938705FE0B
:10EC200093060002B357F700638AD50093060004E9
:10EC3000B385B6403317B700336FEF003339E001C7
:10EC40003369F90055BD931736008D839318D801A9
:10EC5000B3E8170193573800EDB1B368C900E397E3
:10EC600008C68147814959B13389EF41B307E8406C
:10EC700033B62F013386C740F689854411B4931605
:10EC800036009317D8018D82B3E8D7009357380028
:10EC9000B1B9931636009317D8018D82B3E8D70027
:10ECA000AA84935738003DB9930705FE93060002E6
:10ECB000B357F700630AD500930600043385A640D6
:10ECC0003317A700336FEF003339E0013369F900E0
:10ECD000A9BB81451305F07FB7070800A9BC33091C
:10ECE000FF01B30707013336F9013E9675B393165A
:10ECF00036009317D8018D82B3E8D70093573800B8
:10ED000089B1397193D7450122DC4AD856D22A8974
:10ED10001394C50006DE26DA4ED652D45AD05ECE03
:10ED200013F5F77F318093DAF501630B0510930734
:10ED3000F07F630BF514135AD9010E0433648A0073
:10ED4000370A8000336A4401131B3900930415C04D
:10ED50000144814B13D846011399C6001378F87FFC
:10ED6000B2881359C90093D9F601630E08089307B6
:10ED7000F07F6300F8041357D6010E0933692701A9
:10ED8000130818C0B70780003367F90093183600DE
:10ED9000B38404418145BD4733C83A0163E4871A0F
:10EDA000971700009387C7F20A043E9410403E96DE
:10EDB00002863367C90093841480631207101364BA
:10EDC000240081488945C1BF1306F07F8147014770
:10EDD000B207F25062545206B1837E08D18FB3E776
:10EDE0000701D2544259B259225A925A025BF24B4D
:10EDF0003A85BE852161828001481306F07FB707FE
:10EE000008000147F1B73367C9004DC763080930EF
:10EE10004A8532C4EFB00FDD2246130755FFF54790
:10EE2000930685FF998F3319D900B357F60033E75E
:10EE30002701B318D60026959304353F8145A1BF1D
:10EE4000336A240163030A0636C632C46306042A01
:10EE50002285EFB02FD92246B246AA84130755FF68
:10EE6000754A138B84FF330AEA4033146401335A22
:10EE70004901336A8A00331B69011305D0C0B3040A
:10EE800095400144814BF9B5336A240163180A00A7
:10EE90002144014B9304F07F894B6DBD228A4A8B3C
:10EEA00031449304F07F8D4B75B51144014B81447F
:10EEB000854B4DB51364140081488545E9BD136445
:10EEC00034004A878D45C1BD630A052E8547898F69
:10EED0009306800363DDF632014681470147CDBDCD
:10EEE000CE868947638DF53A8D47E387F5F08547F0
:10EEF0003688E383F5FE1385F43FE357A0FC93F7D0
:10EF000078006396072893D638009317770063D864
:10EF10000700B70700FFFD177D8F13850440930797
:10EF2000E07FE3C3A7EA1316D70193179700B183D5
:10EF30003367D6001376F57F61BDD6865287DA88AF
:10EF4000DE8545B763614723630DEA20DA86FD1449
:10EF50005284014B9317870013D388013363F30066
:10EF6000935E0301B357D403131F0301135F0F0113
:10EF700093D50601139E88003374D4033307FF0230
:10EF80004204C18D63FBE5009A951386F7FF63EE9B
:10EF9000652663FCE526F9179A95998D33D7D50335
:10EFA000C206C182B3F5D5033306EF02C205D58D83
:10EFB00063FBC5009A959306F7FF63E6652463F447
:10EFC000C52479179A95C20741645D8F9307F4FFB2
:10EFD0003375F70093580701935F0E01B377FE0076
:10EFE000B302F502B386C540B383F80293D502019C
:10EFF0003386AF021E962E963385F8036373760030
:10F000002295C168FD189355060133761601420614
:10F01000B3F81201AA95469663E6B6126382B61259
:10F020003306CB408D8E333BCB00338B664113854B
:10F03000F43F630C6317B358DB0393550601337B2E
:10F04000DB03B3061F03420B33EB6501637BDB007D
:10F050001A9B9385F8FF636D6B20637BDB20F918A7
:10F060001A9B330BDB40B356DB0342064182337BF2
:10F07000DB03330FDF02420B33666601637BE6017D
:10F080001A969385F6FF6367661E6375E61FF91689
:10F090001A96C208B3E8D8009395080193D20801E4
:10F0A000C181B38EF5023306E641B385BF0293D624
:10F0B0000E01B387F202BE95AE96B38F5F0263F482
:10F0C000F600C167BE9FC165FD1593D70601ED8EA1
:10F0D000C206B3FEBE00BE9FF696637FF6091A967F
:10F0E0009387F8FF6369661A6368F619630FF61B66
:10F0F000BE8893E8180011B54A85EFB0AFAE13078C
:10F100005501F145930405022246B246E3DAE5D4FF
:10F11000130485FF331A8900014B85B3328532C44D
:10F12000EFB04FAC13075501F146AA8722461305ED
:10F130000502E3D6E6CEE1173317F6008148E5B9BC
:10F14000E370CBEE729B3335CB011A95AA9613056B
:10F15000F7FF6378D30263E6B6106382D5102A877F
:10F16000C1B5E3651BDF93551B009316FA011354D9
:10F170001A00CD8E7E0BF9BBE31DF6F7E38F06D6A2
:10F18000B9BFE31ED3FCE378CBFD2A8751BD93F7CB
:10F19000F8009146E389D7D693B7C8FF9386480015
:10F1A00093C717008D823E978DB381468547E34C08
:10F1B000A0FEFD58E31C05D0930410C085471385BD
:10F1C000E441B316A70033D6F8003395A800D18EDA
:10F1D0003335A000C98E13F676003357F70001CE01
:10F1E00093F7F60011466388C70093874600B3B6CD
:10F1F000D7003697BE869317870063D80704054665
:10F2000081470147F1B636877DBBB28779B3FD46AA
:10F21000E3D7F6FA0556098E930600023356C70067
:10F220006388D7009387E443B317F700B3E8F80087
:10F23000B3361001D18E13F67600814701CE93F7D5
:10F24000F60011460147E392C7FA93179700131689
:10F25000D701B18313D73600518F014695BEE370B5
:10F26000CBF0729B3335CB011A957917AA964DBB1B
:10F27000AE88C5BBAE8631BD93171E0033BEC70135
:10F2800072931A96F9183E8EE315F6E7E307DEC689
:10F2900093E818009DB1BE88E30AF6FF99BD368851
:10F2A0001306F07F8147014725B6E367DEFCBE8881
:10F2B000E310DEFE99B193D74501B706100013871E
:10F2C000F6FF93F7F77F1306E03F2A886D8F01451D
:10F2D000FD816354F60099C1828082801306E0416B
:10F2E0007D55E34BF6FE130530431D8D7D46558F4E
:10F2F000634AA6009387D7BE3317F7003355A8009B
:10F30000598D828013053041B307F5403355F7001E
:10F3100082801DCD411122C406C62A84EFB08F8C95
:10F320009306E041898EA94793F6F67F63DCA70236
:10F330005515B317A400B207B1830147B240224468
:10F34000B207D206B183D58F3A85BE85410182804E
:10F3500081478146B207D206B1830147D58F3A85EE
:10F36000BE8582802D47098FB357E400B20713078B
:10F3700055013317E400B183D1B793078005178790
:10F38000FF1F2323F7647D5582809307800517872D
:10F39000FF1F232BF7627D55828093078005178717
:10F3A000FF1F2323F762014582809307800517879B
:10F3B000FF1F232BF7607D558280930780051787F9
:10F3C000FF1F2323F7607D558280000055445020A5
:10F3D00053656E64546F2025752E25752E25752E68
:10F3E00025753A2575204C656E3A256C750D0A0019
:10F3F00055445020536F636B65742043726561748C
:10F4000065643A2025640D0A000000005048592028
:10F410004C696E6B20537563636573730D00000058
:10F420004D5154542054435020436F6E6E656374A5
:10F430006564210D000000004D5154542054435088
:10F4400020446973636F6E6E6563746564210D009B
:10F450004572726F723A20253032580D0A00000052
:10F46000253034752D253032752D25303275202507
:10F470003032753A253032753A2530327500000049
:10F4800025642D25642D25642025643A25643A25BC
:10F4900064000000303030300000000030303000B8
:10F4A000303000007B22636D64223A222573222CC7
:10F4B00022646576223A7B226D625F6964223A2279
:10F4C0002573222C2262735F6964223A22257322FB
:10F4D0002C22736E5F6964223A222573227D7D0D92
:10F4E0000A000000636D6400746172676574000057
:10F4F00062726F6164636173740000006D6200008A
:10F500004D4200007564705F706F727400000000FF
:10F510006473745F706F72740000000020256420B3
:10F52000256300007461726765745F697000000094
:10F53000626F6172645F6970000000006473745FE1
:10F5400069700000696400006D625F69640000001A
:10F550006E6F64650000000073796E630000000048
:10F560007379735F74696D65000000007461736B7B
:10F570000000000062735F696400000073656E73D1
:10F580006F725F69640000006D6F646500000000C9
:10F59000696E7370656374696F6E0000736368658C
:10F5A00064756C65000000006D616E75616C000033
:10F5B000636F6E666967000073746172745F617473
:10F5C000000000006475726174696F6E00000000D5
:10F5D0004100000031323A303000000042000000AB
:10F5E00064657600736E5F69640000006461696C35
:10F5F0007900000074656D70000000007061726138
:10F600006D7300006F6666007374617274000000B1
:10F610006475725F6D696E005B4932435D2062758F
:10F6200073206E6F742069646C65202853434C3DD1
:10F630002564205344413D2564292C20747279208F
:10F640007265636F7665722E2E2E0D0A0000000023
:10F650004932432077616974206576656E74207441
:10F66000696D656F75743A2030782530386C782C68
:10F670002053544152313D30782530386C78205336
:10F68000544152323D30782530386C780D0A0000F4
:10F690001F1C1F1E1F1E1F1F1E1F1E1F25643A2515
:10F6A000642563002564256300000000EFBBBF00F4
:10F6B0000000C0FFFFFFDF41000000000000E0C1CC
:10F6C0006E756C6C0000000066616C736500000074
:10F6D00074727565000000002564000025312E312C
:10F6E00035670000256C670025312E313767000033
:10F6F000486172644661756C745F48616E646C65E4
:10F70000720D0000496E6974205743484E45542ECF
:10F710002E2E0D004C6F63616C2049503A202564F9
:10F720002E25642E25642E25640D0A004757204996
:10F73000502020203A2025642E25642E25642E2575
:10F74000640D0A004453313330372041434B204F7E
:10F750004B0D00004453313330372041434B20469A
:10F7600041494C0D000000005541525432204A538B
:10F770004F4E2052583A2025730D0A005B525443D5
:10F780005D2025730D0A00005B5254435D207265B5
:10F790006164206572726F720D000000000001004C
:10F7A0000100000002000000040004001C00200012
:10F7B000B4002400140020001000000600111213F1
:10F7C0001415161718191A1B1C1D1E1F366700006A
:10F7D0007C67000096670000A6670000A66700002F
:10F7E0009267000092670000B46700000102030402
:10F7F000050607070707070707000000B27B0000A0
:10F80000C07C0000AC7D0000B47D00005A7E00008A
:10F81000AC7D0000A07E0000DC7E00000EA1FFFF9A
:10F8200000A0FFFF00A0FFFFFE9FFFFF06A0FFFF5D
:10F8300006A0FFFFCC9FFFFFFE9FFFFF06A0FFFF7C
:10F84000CC9FFFFF06A0FFFFFE9FFFFFFAA0FFFF78
:10F85000FAA0FFFFFAA0FFFFCC9FFFFF000102020A
:10F860000303030304040404040404040505050558
:10F870000505050505050505050505050606060634
:10F880000606060606060606060606060606060618
:10F890000606060606060606060606060707070704
:10F8A00007070707070707070707070707070707E8
:10F8B00007070707070707070707070707070707D8
:10F8C00007070707070707070707070707070707C8
:10F8D00007070707070707070707070708080808B4
:10F8E0000808080808080808080808080808080898
:10F8F0000808080808080808080808080808080888
:10F900000808080808080808080808080808080877
:10F910000808080808080808080808080808080867
:10F920000808080808080808080808080808080857
:10F930000808080808080808080808080808080847
:10F940000808080808080808080808080808080837
:10F950000808080808080808080808084300000004
:10F96000504F5349580000002E00000064B2FFFFC2
:10F9700050B2FFFF82B2FFFF88B2FFFF64B2FFFF09
:10F98000000000000000E03F000000000000F03F29
:10F9900000000000000000409535A094FFFFDF3F0D
:10F9A00035E5AF350000E03F9535A094FFFFCF3F30
:10F9B0006E660000696E697479000000616E000077
:10F9C00035000000CEFBFFFFCB030000010000006C
:10F9D0000000000034000000CEFBFFFFCB0300005E
:10F9E0000100000000000000BC89D897B2D29C3C06
:10F9F00033A7A8D523F649393DA7F444FD0FA53216
:10FA00009D978CCF08BA5B25436FAC6428066811BC
:10FA100000202020202020202020282828282820DE
:10FA200020202020202020202020202020202020D6
:10FA3000208810101010101010101010101010103E
:10FA4000100404040404040404040410101010102E
:10FA500010104141414141410101010101010101F8
:10FA6000010101010101010101010101101010104A
:10FA700010104242424242420202020202020202CA
:10FA8000020202020202020202020202101010101E
:10FA90002000000000000000000000000000000046
:10FAA0000000000000000000000000000000000056
:10FAB0000000000000000000000000000000000046
:10FAC0000000000000000000000000000000000036
:10FAD0000000000000000000000000000000000026
:10FAE0000000000000000000000000000000000016
:10FAF0000000000000000000000000000000000006
:10FB000000000000000000000000000000000000F5
:10FB100000000000000000000000000000000000E5
:10FB200000000000000000000000000000000000D5
:10FB300000000000000000000000000000000000C5
:10FB400000000000000000000000000000000000B5
:10FB500000000000000000000000000000000000A5
:10FB60000000000000000000000000000000000095
:10FB700000000000000000000080E03779C341432E
:10FB8000176E05B5B5B89346F5F93FE9034F384D03
:10FB9000321D30F94877825A3CBF737FDD4F1575AF
:10FBA000000000000000F03F0000000000002440C2
:10FBB00000000000000059400000000000408F409D
:10FBC000000000000088C34000000000006AF84008
:10FBD0000000000080842E4100000000D01263412C
:10FBE0000000000084D797410000000065CDCD41A2
:10FBF000000000205FA00242000000E87648374283
:10FC0000000000A2941A6D42000040E59C30A24220
:10FC10000000901EC4BCD64200003426F56B0C4395
:10FC20000080E03779C3414300A0D885573476433C
:10FC300000C84E676DC1AB43003D9160E458E1439D
:10FC4000408CB5781DAF154450EFE2D6E41A4B4412
:10FC500092D54D06CFF08044F64AE1C7022DB54457
:10FC6000B49DD9794378EA440500000019000000EA
:10FC70007D000000232D302B20000000686C4C001C
:10FC800065666745464700003031323334353637D4
:10FC90003839414243444546000000003031323398
:10FCA00034353637383961626364656600000000B8
:10FCB000412D46612D66383930313233343536378F
:10FCC0005D0000002B2D00007858000078F2FFFF47
:10FCD000FCF0FFFF0CF2FFFF14F2FFFF0CF2FFFF3E
:10FCE0002CF1FFFF0CF2FFFF14F2FFFFFCF0FFFF0F
:10FCF000FCF0FFFF2CF1FFFF14F2FFFF6EF2FFFF9D
:0CFD00006EF2FFFF6EF2FFFF2CF1FFFF20
:10FD0C0070A400007AA4000010A8000000000000FD
:10FD1C000102030401020304060708094300000062
:10FD2C0000000000000000000000000000000000C7
:10FD3C000000000000000000000000004300000074
:10FD4C0000000000000000000000000000000000A7
:10FD5C000000000000000000000000004300000054
:10FD6C000000000000000000000000000000000087
:10FD7C000000000000000000000000004300000034
:10FD8C000000000000000000000000000000000067
:10FD9C000000000000000000000000004300000014
:10FDAC000000000000000000000000000000000047
:10FDBC0000000000000000000000000043000000F4
:10FDCC000000000000000000000000000000000027
:10FDDC0000000000000000000000000043000000D4
:10FDEC000000000000000000000000000000000007
:10FDFC00000000000000000000000000B6B700008A
:10FE0C0084A400000000000010FA000068F9000053
:10FE1C004CF600004CF600004CF600004CF60000CE
:10FE2C004CF600004CF600004CF600004CF60000BE
:10FE3C004CF60000FFFFFFFFFFFFFFFFFFFFFFFF80
:10FE4C00FFFF00000100415343494900000000003E
:10FE5C000000000000000000000000000000000096
:10FE6C00000000000000415343494900000000001D
:10FE7C000000000000000000000000000000000076
:10FE8C0000000000000000000000000034FB000037
:10FE9C0054FB000014FB00000000000000000000F8
:10FEAC000000000000000000000000000000000046
:10FEBC000000000000000000000000000000000036
:10FECC000000000000000000000000000000000026
:10FEDC000000000000000000000000000000000016
:10FEEC0000000000000000000A0105FE0A010501E7
:10FEFC00FFFFFF00FFFF0000000E270702040608AB
:10FF0C0001000000C8790020904700200000CDAB14
:10FF1C009CF70000ACF700006E1900000010000008
:10FF2C0088010020FFFFFFFFFFFF00000000000022
:10FF3C000000000000000000FFFFFFFF03060C188C
:08FF4C003060780088010020FC
:00000001FF
